variable,max_lat,min_lat,max_lon,min_lon,start_datetime,end_datetime,temporal_resolution,spatial_resolution,temporal_aggregation,spatial_aggregation,min,max,file_size,file_path
sea_surface_temperature,90,60,180,-180,2024-01-01T00:00,2024-12-31T23:00,month,0.5,max,mean,271.0,302.59,0.38,/data/iharp-customized-storage/storage/sea_surface_temperature_N/sea_surface_temperature_t2_s1_Y_1736975614487_max_mean.nc
sea_surface_temperature,90,60,180,-180,2024-01-01T00:00,2024-12-31T23:00,day,0.5,mean,min,269.5,300.19,11.8,/data/iharp-customized-storage/storage/sea_surface_temperature_N/sea_surface_temperature_t1_s1_Y_1736975614487_mean_min.nc
sea_surface_temperature,90,60,180,-180,2024-01-01T00:00,2024-12-31T23:00,month,0.5,mean,max,270.48,296.38,0.37,/data/iharp-customized-storage/storage/sea_surface_temperature_N/sea_surface_temperature_t2_s1_Y_1736975614487_mean_max.nc
sea_surface_temperature,90,60,180,-180,2024-01-01T00:00,2024-12-31T23:00,month,0.5,min,max,269.5,292.11,0.29,/data/iharp-customized-storage/storage/sea_surface_temperature_N/sea_surface_temperature_t2_s1_Y_1736975614487_min_max.nc
sea_surface_temperature,90,60,180,-180,2024-01-01T00:00,2024-12-31T23:00,day,1.0,min,max,269.94,299.17,2.45,/data/iharp-customized-storage/storage/sea_surface_temperature_N/sea_surface_temperature_t1_s2_Y_1736975614487_min_max.nc
sea_surface_temperature,90,60,180,-180,2024-01-01T00:00,2024-12-31T23:00,day,0.5,mean,mean,269.5,300.19,12.29,/data/iharp-customized-storage/storage/sea_surface_temperature_N/sea_surface_temperature_t1_s1_Y_1736975614487_mean_mean.nc
sea_surface_temperature,90,60,180,-180,2024-01-01T00:00,2024-12-31T23:00,year,0.5,mean,max,271.42,283.89,0.07,/data/iharp-customized-storage/storage/sea_surface_temperature_N/sea_surface_temperature_t3_s1_Y_1736975614487_mean_max.nc
sea_surface_temperature,90,60,180,-180,2024-01-01T00:00,2024-12-31T23:00,month,1.0,max,min,271.0,302.59,0.12,/data/iharp-customized-storage/storage/sea_surface_temperature_N/sea_surface_temperature_t2_s2_Y_1736975614487_max_min.nc
sea_surface_temperature,90,60,180,-180,2024-01-01T00:00,2024-12-31T23:00,day,0.5,mean,max,269.5,300.44,11.44,/data/iharp-customized-storage/storage/sea_surface_temperature_N/sea_surface_temperature_t1_s1_Y_1736975614487_mean_max.nc
sea_surface_temperature,90,60,180,-180,2024-01-01T00:00,2024-12-31T23:00,year,0.5,min,mean,269.5,282.0,0.05,/data/iharp-customized-storage/storage/sea_surface_temperature_N/sea_surface_temperature_t3_s1_Y_1736975614487_min_mean.nc
sea_surface_temperature,90,60,180,-180,2024-01-01T00:00,2024-12-31T23:00,month,0.25,max,none,271.0,302.59,1.09,/data/iharp-customized-storage/storage/sea_surface_temperature_N/sea_surface_temperature_t2_s0_Y_1736975614487_max.nc
sea_surface_temperature,90,60,180,-180,2024-01-01T00:00,2024-12-31T23:00,year,0.5,max,mean,271.46,302.59,0.07,/data/iharp-customized-storage/storage/sea_surface_temperature_N/sea_surface_temperature_t3_s1_Y_1736975614487_max_mean.nc
sea_surface_temperature,90,60,180,-180,2024-01-01T00:00,2024-12-31T23:00,day,0.5,min,max,269.5,299.17,9.59,/data/iharp-customized-storage/storage/sea_surface_temperature_N/sea_surface_temperature_t1_s1_Y_1736975614487_min_max.nc
sea_surface_temperature,90,60,180,-180,2024-01-01T00:00,2024-12-31T23:00,day,1.0,min,min,269.5,298.7,2.32,/data/iharp-customized-storage/storage/sea_surface_temperature_N/sea_surface_temperature_t1_s2_Y_1736975614487_min_min.nc
sea_surface_temperature,90,60,180,-180,2024-01-01T00:00,2024-12-31T23:00,month,1.0,min,mean,269.94,292.11,0.12,/data/iharp-customized-storage/storage/sea_surface_temperature_N/sea_surface_temperature_t2_s2_Y_1736975614487_min_mean.nc
sea_surface_temperature,90,60,180,-180,2024-01-01T00:00,2024-12-31T23:00,year,1.0,max,max,271.46,302.59,0.04,/data/iharp-customized-storage/storage/sea_surface_temperature_N/sea_surface_temperature_t3_s2_Y_1736975614487_max_max.nc
sea_surface_temperature,90,60,180,-180,2024-01-01T00:00,2024-12-31T23:00,day,0.25,mean,none,269.5,300.44,35.09,/data/iharp-customized-storage/storage/sea_surface_temperature_N/sea_surface_temperature_t1_s0_Y_1736975614487_mean.nc
sea_surface_temperature,90,60,180,-180,2024-01-01T00:00,2024-12-31T23:00,hour,0.5,none,mean,269.5,302.59,55.75,/data/iharp-customized-storage/storage/sea_surface_temperature_N/sea_surface_temperature_t0_s1_Y_1736975614487_mean.nc
sea_surface_temperature,90,60,180,-180,2024-01-01T00:00,2024-12-31T23:00,day,0.5,min,mean,269.5,298.7,10.73,/data/iharp-customized-storage/storage/sea_surface_temperature_N/sea_surface_temperature_t1_s1_Y_1736975614487_min_mean.nc
sea_surface_temperature,90,60,180,-180,2024-01-01T00:00,2024-12-31T23:00,day,1.0,max,min,269.51,302.59,2.37,/data/iharp-customized-storage/storage/sea_surface_temperature_N/sea_surface_temperature_t1_s2_Y_1736975614487_max_min.nc
sea_surface_temperature,90,60,180,-180,2024-01-01T00:00,2024-12-31T23:00,month,1.0,min,max,269.94,292.11,0.11,/data/iharp-customized-storage/storage/sea_surface_temperature_N/sea_surface_temperature_t2_s2_Y_1736975614487_min_max.nc
sea_surface_temperature,90,60,180,-180,2024-01-01T00:00,2024-12-31T23:00,year,1.0,mean,max,271.42,283.89,0.04,/data/iharp-customized-storage/storage/sea_surface_temperature_N/sea_surface_temperature_t3_s2_Y_1736975614487_mean_max.nc
sea_surface_temperature,90,60,180,-180,2024-01-01T00:00,2024-12-31T23:00,day,0.25,max,none,269.51,302.59,28.44,/data/iharp-customized-storage/storage/sea_surface_temperature_N/sea_surface_temperature_t1_s0_Y_1736975614487_max.nc
sea_surface_temperature,90,60,180,-180,2024-01-01T00:00,2024-12-31T23:00,month,0.5,max,max,271.0,302.59,0.34,/data/iharp-customized-storage/storage/sea_surface_temperature_N/sea_surface_temperature_t2_s1_Y_1736975614487_max_max.nc
sea_surface_temperature,90,60,180,-180,2024-01-01T00:00,2024-12-31T23:00,month,1.0,max,mean,271.42,302.59,0.14,/data/iharp-customized-storage/storage/sea_surface_temperature_N/sea_surface_temperature_t2_s2_Y_1736975614487_max_mean.nc
sea_surface_temperature,90,60,180,-180,2024-01-01T00:00,2024-12-31T23:00,year,1.0,mean,mean,271.42,283.64,0.04,/data/iharp-customized-storage/storage/sea_surface_temperature_N/sea_surface_temperature_t3_s2_Y_1736975614487_mean_mean.nc
sea_surface_temperature,90,60,180,-180,2024-01-01T00:00,2024-12-31T23:00,hour,1.0,none,max,269.94,302.59,15.68,/data/iharp-customized-storage/storage/sea_surface_temperature_N/sea_surface_temperature_t0_s2_Y_1736975614487_max.nc
sea_surface_temperature,90,60,180,-180,2024-01-01T00:00,2024-12-31T23:00,day,0.5,max,mean,269.51,302.59,10.83,/data/iharp-customized-storage/storage/sea_surface_temperature_N/sea_surface_temperature_t1_s1_Y_1736975614487_max_mean.nc
sea_surface_temperature,90,60,180,-180,2024-01-01T00:00,2024-12-31T23:00,year,0.5,mean,mean,271.42,283.79,0.07,/data/iharp-customized-storage/storage/sea_surface_temperature_N/sea_surface_temperature_t3_s1_Y_1736975614487_mean_mean.nc
sea_surface_temperature,90,60,180,-180,2024-01-01T00:00,2024-12-31T23:00,year,0.5,min,max,269.5,282.24,0.05,/data/iharp-customized-storage/storage/sea_surface_temperature_N/sea_surface_temperature_t3_s1_Y_1736975614487_min_max.nc
sea_surface_temperature,90,60,180,-180,2024-01-01T00:00,2024-12-31T23:00,day,0.5,min,min,269.5,298.7,8.18,/data/iharp-customized-storage/storage/sea_surface_temperature_N/sea_surface_temperature_t1_s1_Y_1736975614487_min_min.nc
sea_surface_temperature,90,60,180,-180,2024-01-01T00:00,2024-12-31T23:00,month,0.25,mean,none,270.48,296.41,1.18,/data/iharp-customized-storage/storage/sea_surface_temperature_N/sea_surface_temperature_t2_s0_Y_1736975614487_mean.nc
sea_surface_temperature,90,60,180,-180,2024-01-01T00:00,2024-12-31T23:00,year,1.0,min,min,269.5,281.73,0.03,/data/iharp-customized-storage/storage/sea_surface_temperature_N/sea_surface_temperature_t3_s2_Y_1736975614487_min_min.nc
sea_surface_temperature,90,60,180,-180,2024-01-01T00:00,2024-12-31T23:00,year,0.5,mean,min,271.42,283.73,0.07,/data/iharp-customized-storage/storage/sea_surface_temperature_N/sea_surface_temperature_t3_s1_Y_1736975614487_mean_min.nc
sea_surface_temperature,90,60,180,-180,2024-01-01T00:00,2024-12-31T23:00,year,1.0,min,mean,269.94,281.83,0.03,/data/iharp-customized-storage/storage/sea_surface_temperature_N/sea_surface_temperature_t3_s2_Y_1736975614487_min_mean.nc
sea_surface_temperature,90,60,180,-180,2024-01-01T00:00,2024-12-31T23:00,hour,1.0,none,min,269.5,302.59,16.11,/data/iharp-customized-storage/storage/sea_surface_temperature_N/sea_surface_temperature_t0_s2_Y_1736975614487_min.nc
sea_surface_temperature,90,60,180,-180,2024-01-01T00:00,2024-12-31T23:00,month,0.25,min,none,269.5,292.49,0.92,/data/iharp-customized-storage/storage/sea_surface_temperature_N/sea_surface_temperature_t2_s0_Y_1736975614487_min.nc
sea_surface_temperature,90,60,180,-180,2024-01-01T00:00,2024-12-31T23:00,day,1.0,max,mean,269.94,302.59,2.83,/data/iharp-customized-storage/storage/sea_surface_temperature_N/sea_surface_temperature_t1_s2_Y_1736975614487_max_mean.nc
sea_surface_temperature,90,60,180,-180,2024-01-01T00:00,2024-12-31T23:00,year,0.5,max,max,271.46,302.59,0.07,/data/iharp-customized-storage/storage/sea_surface_temperature_N/sea_surface_temperature_t3_s1_Y_1736975614487_max_max.nc
sea_surface_temperature,90,60,180,-180,2024-01-01T00:00,2024-12-31T23:00,month,1.0,min,min,269.5,292.11,0.11,/data/iharp-customized-storage/storage/sea_surface_temperature_N/sea_surface_temperature_t2_s2_Y_1736975614487_min_min.nc
sea_surface_temperature,90,60,180,-180,2024-01-01T00:00,2024-12-31T23:00,year,0.25,max,none,271.46,302.59,0.17,/data/iharp-customized-storage/storage/sea_surface_temperature_N/sea_surface_temperature_t3_s0_Y_1736975614487_max.nc
sea_surface_temperature,90,60,180,-180,2024-01-01T00:00,2024-12-31T23:00,day,1.0,mean,mean,269.94,300.19,2.94,/data/iharp-customized-storage/storage/sea_surface_temperature_N/sea_surface_temperature_t1_s2_Y_1736975614487_mean_mean.nc
sea_surface_temperature,90,60,180,-180,2024-01-01T00:00,2024-12-31T23:00,year,1.0,mean,min,271.42,283.41,0.04,/data/iharp-customized-storage/storage/sea_surface_temperature_N/sea_surface_temperature_t3_s2_Y_1736975614487_mean_min.nc
sea_surface_temperature,90,60,180,-180,2024-01-01T00:00,2024-12-31T23:00,month,0.5,max,min,271.0,302.59,0.35,/data/iharp-customized-storage/storage/sea_surface_temperature_N/sea_surface_temperature_t2_s1_Y_1736975614487_max_min.nc
sea_surface_temperature,90,60,180,-180,2024-01-01T00:00,2024-12-31T23:00,year,0.5,max,min,271.46,302.59,0.07,/data/iharp-customized-storage/storage/sea_surface_temperature_N/sea_surface_temperature_t3_s1_Y_1736975614487_max_min.nc
sea_surface_temperature,90,60,180,-180,2024-01-01T00:00,2024-12-31T23:00,year,0.25,min,none,269.5,282.24,0.1,/data/iharp-customized-storage/storage/sea_surface_temperature_N/sea_surface_temperature_t3_s0_Y_1736975614487_min.nc
sea_surface_temperature,90,60,180,-180,2024-01-01T00:00,2024-12-31T23:00,month,0.5,mean,mean,270.48,296.38,0.37,/data/iharp-customized-storage/storage/sea_surface_temperature_N/sea_surface_temperature_t2_s1_Y_1736975614487_mean_mean.nc
sea_surface_temperature,90,60,180,-180,2024-01-01T00:00,2024-12-31T23:00,month,1.0,mean,mean,270.8,296.33,0.13,/data/iharp-customized-storage/storage/sea_surface_temperature_N/sea_surface_temperature_t2_s2_Y_1736975614487_mean_mean.nc
sea_surface_temperature,90,60,180,-180,2024-01-01T00:00,2024-12-31T23:00,month,0.5,mean,min,270.48,296.38,0.37,/data/iharp-customized-storage/storage/sea_surface_temperature_N/sea_surface_temperature_t2_s1_Y_1736975614487_mean_min.nc
sea_surface_temperature,90,60,180,-180,2024-01-01T00:00,2024-12-31T23:00,day,0.25,min,none,269.5,299.17,27.38,/data/iharp-customized-storage/storage/sea_surface_temperature_N/sea_surface_temperature_t1_s0_Y_1736975614487_min.nc
sea_surface_temperature,90,60,180,-180,2024-01-01T00:00,2024-12-31T23:00,month,0.5,min,mean,269.5,292.11,0.32,/data/iharp-customized-storage/storage/sea_surface_temperature_N/sea_surface_temperature_t2_s1_Y_1736975614487_min_mean.nc
sea_surface_temperature,90,60,180,-180,2024-01-01T00:00,2024-12-31T23:00,hour,0.25,none,none,269.5,302.59,248.69,/data/iharp-customized-storage/storage/sea_surface_temperature_N/sea_surface_temperature_t0_s0_Y_1736975614487.nc
sea_surface_temperature,90,60,180,-180,2024-01-01T00:00,2024-12-31T23:00,day,0.5,max,min,269.51,302.59,8.31,/data/iharp-customized-storage/storage/sea_surface_temperature_N/sea_surface_temperature_t1_s1_Y_1736975614487_max_min.nc
sea_surface_temperature,90,60,180,-180,2024-01-01T00:00,2024-12-31T23:00,year,1.0,min,max,269.94,282.24,0.03,/data/iharp-customized-storage/storage/sea_surface_temperature_N/sea_surface_temperature_t3_s2_Y_1736975614487_min_max.nc
sea_surface_temperature,90,60,180,-180,2024-01-01T00:00,2024-12-31T23:00,hour,1.0,none,mean,269.94,302.59,16.16,/data/iharp-customized-storage/storage/sea_surface_temperature_N/sea_surface_temperature_t0_s2_Y_1736975614487_mean.nc
sea_surface_temperature,90,60,180,-180,2024-01-01T00:00,2024-12-31T23:00,month,1.0,mean,max,270.87,296.38,0.13,/data/iharp-customized-storage/storage/sea_surface_temperature_N/sea_surface_temperature_t2_s2_Y_1736975614487_mean_max.nc
sea_surface_temperature,90,60,180,-180,2024-01-01T00:00,2024-12-31T23:00,year,1.0,max,min,271.46,302.59,0.04,/data/iharp-customized-storage/storage/sea_surface_temperature_N/sea_surface_temperature_t3_s2_Y_1736975614487_max_min.nc
sea_surface_temperature,90,60,180,-180,2024-01-01T00:00,2024-12-31T23:00,day,0.5,max,max,269.51,302.59,9.6,/data/iharp-customized-storage/storage/sea_surface_temperature_N/sea_surface_temperature_t1_s1_Y_1736975614487_max_max.nc
sea_surface_temperature,90,60,180,-180,2024-01-01T00:00,2024-12-31T23:00,day,1.0,max,max,269.94,302.59,2.45,/data/iharp-customized-storage/storage/sea_surface_temperature_N/sea_surface_temperature_t1_s2_Y_1736975614487_max_max.nc
sea_surface_temperature,90,60,180,-180,2024-01-01T00:00,2024-12-31T23:00,month,1.0,max,max,271.46,302.59,0.12,/data/iharp-customized-storage/storage/sea_surface_temperature_N/sea_surface_temperature_t2_s2_Y_1736975614487_max_max.nc
sea_surface_temperature,90,60,180,-180,2024-01-01T00:00,2024-12-31T23:00,day,1.0,mean,max,269.94,300.44,2.86,/data/iharp-customized-storage/storage/sea_surface_temperature_N/sea_surface_temperature_t1_s2_Y_1736975614487_mean_max.nc
sea_surface_temperature,90,60,180,-180,2024-01-01T00:00,2024-12-31T23:00,month,1.0,mean,min,270.48,296.27,0.13,/data/iharp-customized-storage/storage/sea_surface_temperature_N/sea_surface_temperature_t2_s2_Y_1736975614487_mean_min.nc
sea_surface_temperature,90,60,180,-180,2024-01-01T00:00,2024-12-31T23:00,day,1.0,min,mean,269.94,298.7,2.79,/data/iharp-customized-storage/storage/sea_surface_temperature_N/sea_surface_temperature_t1_s2_Y_1736975614487_min_mean.nc
sea_surface_temperature,90,60,180,-180,2024-01-01T00:00,2024-12-31T23:00,year,1.0,max,mean,271.46,302.59,0.04,/data/iharp-customized-storage/storage/sea_surface_temperature_N/sea_surface_temperature_t3_s2_Y_1736975614487_max_mean.nc
sea_surface_temperature,90,60,180,-180,2024-01-01T00:00,2024-12-31T23:00,hour,0.5,none,max,269.5,302.59,64.73,/data/iharp-customized-storage/storage/sea_surface_temperature_N/sea_surface_temperature_t0_s1_Y_1736975614487_max.nc
sea_surface_temperature,90,60,180,-180,2024-01-01T00:00,2024-12-31T23:00,month,0.5,min,min,269.5,292.11,0.3,/data/iharp-customized-storage/storage/sea_surface_temperature_N/sea_surface_temperature_t2_s1_Y_1736975614487_min_min.nc
sea_surface_temperature,90,60,180,-180,2024-01-01T00:00,2024-12-31T23:00,year,0.25,mean,none,271.42,283.97,0.16,/data/iharp-customized-storage/storage/sea_surface_temperature_N/sea_surface_temperature_t3_s0_Y_1736975614487_mean.nc
sea_surface_temperature,90,60,180,-180,2024-01-01T00:00,2024-12-31T23:00,hour,0.5,none,min,269.5,302.59,64.89,/data/iharp-customized-storage/storage/sea_surface_temperature_N/sea_surface_temperature_t0_s1_Y_1736975614487_min.nc
sea_surface_temperature,90,60,180,-180,2024-01-01T00:00,2024-12-31T23:00,day,1.0,mean,min,269.5,300.19,2.71,/data/iharp-customized-storage/storage/sea_surface_temperature_N/sea_surface_temperature_t1_s2_Y_1736975614487_mean_min.nc
sea_surface_temperature,90,60,180,-180,2024-01-01T00:00,2024-12-31T23:00,year,0.5,min,min,269.5,281.95,0.05,/data/iharp-customized-storage/storage/sea_surface_temperature_N/sea_surface_temperature_t3_s1_Y_1736975614487_min_min.nc
sea_surface_temperature,90,50,10,-70,2020-01-01T00:00,2023-12-31T23:00,month,1.0,mean,max,270.28,294.72,0.23,/data/iharp-customized-storage/storage/sea_surface_temperature_N/sea_surface_temperature_t2_s2_Y_1736979894617_mean_max.nc
sea_surface_temperature,90,50,10,-70,2020-01-01T00:00,2023-12-31T23:00,year,1.0,min,min,268.97,284.29,0.04,/data/iharp-customized-storage/storage/sea_surface_temperature_N/sea_surface_temperature_t3_s2_Y_1736979894617_min_min.nc
sea_surface_temperature,90,50,10,-70,2020-01-01T00:00,2023-12-31T23:00,year,0.5,mean,max,271.4,287.31,0.09,/data/iharp-customized-storage/storage/sea_surface_temperature_N/sea_surface_temperature_t3_s1_Y_1736979894617_mean_max.nc
sea_surface_temperature,90,50,10,-70,2020-01-01T00:00,2023-12-31T23:00,month,1.0,mean,mean,270.22,294.51,0.23,/data/iharp-customized-storage/storage/sea_surface_temperature_N/sea_surface_temperature_t2_s2_Y_1736979894617_mean_mean.nc
sea_surface_temperature,90,50,10,-70,2020-01-01T00:00,2023-12-31T23:00,year,1.0,min,mean,269.09,284.77,0.04,/data/iharp-customized-storage/storage/sea_surface_temperature_N/sea_surface_temperature_t3_s2_Y_1736979894617_min_mean.nc
sea_surface_temperature,90,50,10,-70,2020-01-01T00:00,2023-12-31T23:00,year,1.0,mean,min,271.4,287.06,0.04,/data/iharp-customized-storage/storage/sea_surface_temperature_N/sea_surface_temperature_t3_s2_Y_1736979894617_mean_min.nc
sea_surface_temperature,90,50,10,-70,2020-01-01T00:00,2023-12-31T23:00,month,0.25,mean,none,270.15,294.72,2.63,/data/iharp-customized-storage/storage/sea_surface_temperature_N/sea_surface_temperature_t2_s0_Y_1736979894617_mean.nc
sea_surface_temperature,90,50,10,-70,2020-01-01T00:00,2023-12-31T23:00,year,0.5,min,max,268.98,285.05,0.07,/data/iharp-customized-storage/storage/sea_surface_temperature_N/sea_surface_temperature_t3_s1_Y_1736979894617_min_max.nc
sea_surface_temperature,90,50,10,-70,2020-01-01T00:00,2023-12-31T23:00,day,0.25,mean,none,269.02,298.05,76.26,/data/iharp-customized-storage/storage/sea_surface_temperature_N/sea_surface_temperature_t1_s0_Y_1736979894617_mean.nc
sea_surface_temperature,90,50,10,-70,2020-01-01T00:00,2023-12-31T23:00,year,0.25,max,none,271.46,300.32,0.24,/data/iharp-customized-storage/storage/sea_surface_temperature_N/sea_surface_temperature_t3_s0_Y_1736979894617_max.nc
sea_surface_temperature,90,50,10,-70,2020-01-01T00:00,2023-12-31T23:00,day,1.0,mean,max,269.4,298.05,5.83,/data/iharp-customized-storage/storage/sea_surface_temperature_N/sea_surface_temperature_t1_s2_Y_1736979894617_mean_max.nc
sea_surface_temperature,90,50,10,-70,2020-01-01T00:00,2023-12-31T23:00,day,0.25,min,none,268.97,297.17,58.27,/data/iharp-customized-storage/storage/sea_surface_temperature_N/sea_surface_temperature_t1_s0_Y_1736979894617_min.nc
sea_surface_temperature,90,50,10,-70,2020-01-01T00:00,2023-12-31T23:00,year,0.5,max,mean,271.46,297.68,0.09,/data/iharp-customized-storage/storage/sea_surface_temperature_N/sea_surface_temperature_t3_s1_Y_1736979894617_max_mean.nc
sea_surface_temperature,90,50,10,-70,2020-01-01T00:00,2023-12-31T23:00,day,1.0,max,mean,269.29,297.68,5.68,/data/iharp-customized-storage/storage/sea_surface_temperature_N/sea_surface_temperature_t1_s2_Y_1736979894617_max_mean.nc
sea_surface_temperature,90,50,10,-70,2020-01-01T00:00,2023-12-31T23:00,day,1.0,max,min,269.02,297.6,4.69,/data/iharp-customized-storage/storage/sea_surface_temperature_N/sea_surface_temperature_t1_s2_Y_1736979894617_max_min.nc
sea_surface_temperature,90,50,10,-70,2020-01-01T00:00,2023-12-31T23:00,day,1.0,min,mean,269.09,296.76,5.65,/data/iharp-customized-storage/storage/sea_surface_temperature_N/sea_surface_temperature_t1_s2_Y_1736979894617_min_mean.nc
sea_surface_temperature,90,50,10,-70,2020-01-01T00:00,2023-12-31T23:00,year,1.0,mean,max,271.48,287.31,0.04,/data/iharp-customized-storage/storage/sea_surface_temperature_N/sea_surface_temperature_t3_s2_Y_1736979894617_mean_max.nc
sea_surface_temperature,90,50,10,-70,2020-01-01T00:00,2023-12-31T23:00,month,0.5,mean,min,270.15,294.51,0.76,/data/iharp-customized-storage/storage/sea_surface_temperature_N/sea_surface_temperature_t2_s1_Y_1736979894617_mean_min.nc
sea_surface_temperature,90,50,10,-70,2020-01-01T00:00,2023-12-31T23:00,year,0.5,min,mean,268.97,284.98,0.08,/data/iharp-customized-storage/storage/sea_surface_temperature_N/sea_surface_temperature_t3_s1_Y_1736979894617_min_mean.nc
sea_surface_temperature,90,50,10,-70,2020-01-01T00:00,2023-12-31T23:00,year,0.25,min,none,268.97,285.08,0.2,/data/iharp-customized-storage/storage/sea_surface_temperature_N/sea_surface_temperature_t3_s0_Y_1736979894617_min.nc
sea_surface_temperature,90,50,10,-70,2020-01-01T00:00,2023-12-31T23:00,month,0.5,max,max,271.43,300.32,0.66,/data/iharp-customized-storage/storage/sea_surface_temperature_N/sea_surface_temperature_t2_s1_Y_1736979894617_max_max.nc
sea_surface_temperature,90,50,10,-70,2020-01-01T00:00,2023-12-31T23:00,year,0.5,max,max,271.46,300.32,0.08,/data/iharp-customized-storage/storage/sea_surface_temperature_N/sea_surface_temperature_t3_s1_Y_1736979894617_max_max.nc
sea_surface_temperature,90,50,10,-70,2020-01-01T00:00,2023-12-31T23:00,month,0.5,min,min,268.97,293.38,0.64,/data/iharp-customized-storage/storage/sea_surface_temperature_N/sea_surface_temperature_t2_s1_Y_1736979894617_min_min.nc
sea_surface_temperature,90,50,10,-70,2020-01-01T00:00,2023-12-31T23:00,year,0.5,mean,mean,271.4,287.27,0.09,/data/iharp-customized-storage/storage/sea_surface_temperature_N/sea_surface_temperature_t3_s1_Y_1736979894617_mean_mean.nc
sea_surface_temperature,90,50,10,-70,2020-01-01T00:00,2023-12-31T23:00,month,0.25,min,none,268.97,293.51,2.16,/data/iharp-customized-storage/storage/sea_surface_temperature_N/sea_surface_temperature_t2_s0_Y_1736979894617_min.nc
sea_surface_temperature,90,50,10,-70,2020-01-01T00:00,2023-12-31T23:00,year,1.0,min,max,269.33,285.05,0.04,/data/iharp-customized-storage/storage/sea_surface_temperature_N/sea_surface_temperature_t3_s2_Y_1736979894617_min_max.nc
sea_surface_temperature,90,50,10,-70,2020-01-01T00:00,2023-12-31T23:00,day,0.5,min,min,268.97,296.83,23.18,/data/iharp-customized-storage/storage/sea_surface_temperature_N/sea_surface_temperature_t1_s1_Y_1736979894617_min_min.nc
sea_surface_temperature,90,50,10,-70,2020-01-01T00:00,2023-12-31T23:00,day,0.5,min,mean,268.97,296.94,25.78,/data/iharp-customized-storage/storage/sea_surface_temperature_N/sea_surface_temperature_t1_s1_Y_1736979894617_min_mean.nc
sea_surface_temperature,90,50,10,-70,2020-01-01T00:00,2023-12-31T23:00,month,0.25,max,none,271.43,300.32,2.28,/data/iharp-customized-storage/storage/sea_surface_temperature_N/sea_surface_temperature_t2_s0_Y_1736979894617_max.nc
sea_surface_temperature,90,50,10,-70,2020-01-01T00:00,2023-12-31T23:00,month,1.0,max,min,271.43,297.6,0.21,/data/iharp-customized-storage/storage/sea_surface_temperature_N/sea_surface_temperature_t2_s2_Y_1736979894617_max_min.nc
sea_surface_temperature,90,50,10,-70,2020-01-01T00:00,2023-12-31T23:00,day,0.5,min,max,268.98,297.17,23.37,/data/iharp-customized-storage/storage/sea_surface_temperature_N/sea_surface_temperature_t1_s1_Y_1736979894617_min_max.nc
sea_surface_temperature,90,50,10,-70,2020-01-01T00:00,2023-12-31T23:00,day,0.5,max,mean,269.02,297.68,25.88,/data/iharp-customized-storage/storage/sea_surface_temperature_N/sea_surface_temperature_t1_s1_Y_1736979894617_max_mean.nc
sea_surface_temperature,90,50,10,-70,2020-01-01T00:00,2023-12-31T23:00,day,0.25,max,none,269.02,300.32,59.34,/data/iharp-customized-storage/storage/sea_surface_temperature_N/sea_surface_temperature_t1_s0_Y_1736979894617_max.nc
sea_surface_temperature,90,50,10,-70,2020-01-01T00:00,2023-12-31T23:00,year,1.0,max,mean,271.46,297.68,0.04,/data/iharp-customized-storage/storage/sea_surface_temperature_N/sea_surface_temperature_t3_s2_Y_1736979894617_max_mean.nc
sea_surface_temperature,90,50,10,-70,2020-01-01T00:00,2023-12-31T23:00,day,1.0,mean,mean,269.29,297.11,5.97,/data/iharp-customized-storage/storage/sea_surface_temperature_N/sea_surface_temperature_t1_s2_Y_1736979894617_mean_mean.nc
sea_surface_temperature,90,50,10,-70,2020-01-01T00:00,2023-12-31T23:00,day,0.5,max,min,269.02,297.6,23.42,/data/iharp-customized-storage/storage/sea_surface_temperature_N/sea_surface_temperature_t1_s1_Y_1736979894617_max_min.nc
sea_surface_temperature,90,50,10,-70,2020-01-01T00:00,2023-12-31T23:00,year,1.0,mean,mean,271.45,287.2,0.04,/data/iharp-customized-storage/storage/sea_surface_temperature_N/sea_surface_temperature_t3_s2_Y_1736979894617_mean_mean.nc
sea_surface_temperature,90,50,10,-70,2020-01-01T00:00,2023-12-31T23:00,month,1.0,min,max,269.33,293.51,0.2,/data/iharp-customized-storage/storage/sea_surface_temperature_N/sea_surface_temperature_t2_s2_Y_1736979894617_min_max.nc
sea_surface_temperature,90,50,10,-70,2020-01-01T00:00,2023-12-31T23:00,month,1.0,min,mean,269.09,293.08,0.22,/data/iharp-customized-storage/storage/sea_surface_temperature_N/sea_surface_temperature_t2_s2_Y_1736979894617_min_mean.nc
sea_surface_temperature,90,50,10,-70,2020-01-01T00:00,2023-12-31T23:00,month,1.0,max,max,271.46,300.32,0.21,/data/iharp-customized-storage/storage/sea_surface_temperature_N/sea_surface_temperature_t2_s2_Y_1736979894617_max_max.nc
sea_surface_temperature,90,50,10,-70,2020-01-01T00:00,2023-12-31T23:00,day,1.0,max,max,269.4,300.32,4.69,/data/iharp-customized-storage/storage/sea_surface_temperature_N/sea_surface_temperature_t1_s2_Y_1736979894617_max_max.nc
sea_surface_temperature,90,50,10,-70,2020-01-01T00:00,2023-12-31T23:00,month,0.5,mean,mean,270.15,294.62,0.76,/data/iharp-customized-storage/storage/sea_surface_temperature_N/sea_surface_temperature_t2_s1_Y_1736979894617_mean_mean.nc
sea_surface_temperature,90,50,10,-70,2020-01-01T00:00,2023-12-31T23:00,month,0.5,mean,max,270.15,294.72,0.76,/data/iharp-customized-storage/storage/sea_surface_temperature_N/sea_surface_temperature_t2_s1_Y_1736979894617_mean_max.nc
sea_surface_temperature,90,50,10,-70,2020-01-01T00:00,2023-12-31T23:00,year,1.0,max,min,271.46,297.6,0.04,/data/iharp-customized-storage/storage/sea_surface_temperature_N/sea_surface_temperature_t3_s2_Y_1736979894617_max_min.nc
sea_surface_temperature,90,50,10,-70,2020-01-01T00:00,2023-12-31T23:00,day,0.5,mean,min,269.02,297.0,29.53,/data/iharp-customized-storage/storage/sea_surface_temperature_N/sea_surface_temperature_t1_s1_Y_1736979894617_mean_min.nc
sea_surface_temperature,90,50,10,-70,2020-01-01T00:00,2023-12-31T23:00,month,1.0,min,min,268.97,293.08,0.2,/data/iharp-customized-storage/storage/sea_surface_temperature_N/sea_surface_temperature_t2_s2_Y_1736979894617_min_min.nc
sea_surface_temperature,90,50,10,-70,2020-01-01T00:00,2023-12-31T23:00,day,1.0,mean,min,269.02,296.56,5.7,/data/iharp-customized-storage/storage/sea_surface_temperature_N/sea_surface_temperature_t1_s2_Y_1736979894617_mean_min.nc
sea_surface_temperature,90,50,10,-70,2020-01-01T00:00,2023-12-31T23:00,day,0.5,max,max,269.02,300.32,23.21,/data/iharp-customized-storage/storage/sea_surface_temperature_N/sea_surface_temperature_t1_s1_Y_1736979894617_max_max.nc
sea_surface_temperature,90,50,10,-70,2020-01-01T00:00,2023-12-31T23:00,month,0.5,max,mean,271.43,297.68,0.73,/data/iharp-customized-storage/storage/sea_surface_temperature_N/sea_surface_temperature_t2_s1_Y_1736979894617_max_mean.nc
sea_surface_temperature,90,50,10,-70,2020-01-01T00:00,2023-12-31T23:00,month,0.5,min,max,268.98,293.51,0.64,/data/iharp-customized-storage/storage/sea_surface_temperature_N/sea_surface_temperature_t2_s1_Y_1736979894617_min_max.nc
sea_surface_temperature,90,50,10,-70,2020-01-01T00:00,2023-12-31T23:00,year,0.5,max,min,271.46,297.6,0.09,/data/iharp-customized-storage/storage/sea_surface_temperature_N/sea_surface_temperature_t3_s1_Y_1736979894617_max_min.nc
sea_surface_temperature,90,50,10,-70,2020-01-01T00:00,2023-12-31T23:00,day,1.0,min,max,269.33,297.17,4.77,/data/iharp-customized-storage/storage/sea_surface_temperature_N/sea_surface_temperature_t1_s2_Y_1736979894617_min_max.nc
sea_surface_temperature,90,50,10,-70,2020-01-01T00:00,2023-12-31T23:00,month,0.5,max,min,271.43,297.6,0.68,/data/iharp-customized-storage/storage/sea_surface_temperature_N/sea_surface_temperature_t2_s1_Y_1736979894617_max_min.nc
sea_surface_temperature,90,50,10,-70,2020-01-01T00:00,2023-12-31T23:00,day,0.5,mean,mean,269.02,297.33,30.5,/data/iharp-customized-storage/storage/sea_surface_temperature_N/sea_surface_temperature_t1_s1_Y_1736979894617_mean_mean.nc
sea_surface_temperature,90,50,10,-70,2020-01-01T00:00,2023-12-31T23:00,day,0.5,mean,max,269.02,298.05,29.57,/data/iharp-customized-storage/storage/sea_surface_temperature_N/sea_surface_temperature_t1_s1_Y_1736979894617_mean_max.nc
sea_surface_temperature,90,50,10,-70,2020-01-01T00:00,2023-12-31T23:00,month,1.0,mean,min,270.15,294.24,0.23,/data/iharp-customized-storage/storage/sea_surface_temperature_N/sea_surface_temperature_t2_s2_Y_1736979894617_mean_min.nc
sea_surface_temperature,90,50,10,-70,2020-01-01T00:00,2023-12-31T23:00,month,0.5,min,mean,268.97,293.44,0.69,/data/iharp-customized-storage/storage/sea_surface_temperature_N/sea_surface_temperature_t2_s1_Y_1736979894617_min_mean.nc
sea_surface_temperature,90,50,10,-70,2020-01-01T00:00,2023-12-31T23:00,year,0.5,mean,min,271.4,287.22,0.09,/data/iharp-customized-storage/storage/sea_surface_temperature_N/sea_surface_temperature_t3_s1_Y_1736979894617_mean_min.nc
sea_surface_temperature,90,50,10,-70,2020-01-01T00:00,2023-12-31T23:00,year,0.5,min,min,268.97,284.94,0.07,/data/iharp-customized-storage/storage/sea_surface_temperature_N/sea_surface_temperature_t3_s1_Y_1736979894617_min_min.nc
sea_surface_temperature,90,50,10,-70,2020-01-01T00:00,2023-12-31T23:00,month,1.0,max,mean,271.46,297.68,0.23,/data/iharp-customized-storage/storage/sea_surface_temperature_N/sea_surface_temperature_t2_s2_Y_1736979894617_max_mean.nc
sea_surface_temperature,90,50,10,-70,2020-01-01T00:00,2023-12-31T23:00,day,1.0,min,min,268.97,296.41,4.59,/data/iharp-customized-storage/storage/sea_surface_temperature_N/sea_surface_temperature_t1_s2_Y_1736979894617_min_min.nc
sea_surface_temperature,90,50,10,-70,2020-01-01T00:00,2023-12-31T23:00,year,0.25,mean,none,271.4,287.42,0.26,/data/iharp-customized-storage/storage/sea_surface_temperature_N/sea_surface_temperature_t3_s0_Y_1736979894617_mean.nc
sea_surface_temperature,90,50,10,-70,2020-01-01T00:00,2023-12-31T23:00,year,1.0,max,max,271.46,300.32,0.04,/data/iharp-customized-storage/storage/sea_surface_temperature_N/sea_surface_temperature_t3_s2_Y_1736979894617_max_max.nc
sea_surface_temperature,90,50,-70,-180,2020-01-01T00:00,2023-12-31T23:00,day,0.5,mean,mean,269.8,304.51,20.64,/data/iharp-customized-storage/storage/sea_surface_temperature_N/sea_surface_temperature_t1_s1_Y_1736976561839_mean_mean.nc
sea_surface_temperature,90,50,-70,-180,2020-01-01T00:00,2023-12-31T23:00,day,0.5,mean,min,269.8,304.51,20.0,/data/iharp-customized-storage/storage/sea_surface_temperature_N/sea_surface_temperature_t1_s1_Y_1736976561839_mean_min.nc
sea_surface_temperature,90,50,-70,-180,2020-01-01T00:00,2023-12-31T23:00,day,0.5,mean,max,269.8,304.51,20.09,/data/iharp-customized-storage/storage/sea_surface_temperature_N/sea_surface_temperature_t1_s1_Y_1736976561839_mean_max.nc
sea_surface_temperature,90,50,-70,-180,2020-01-01T00:00,2023-12-31T23:00,day,1.0,mean,mean,270.21,304.51,5.78,/data/iharp-customized-storage/storage/sea_surface_temperature_N/sea_surface_temperature_t1_s2_Y_1736976561839_mean_mean.nc
sea_surface_temperature,90,50,-70,-180,2020-01-01T00:00,2023-12-31T23:00,day,1.0,mean,min,269.8,304.51,5.2,/data/iharp-customized-storage/storage/sea_surface_temperature_N/sea_surface_temperature_t1_s2_Y_1736976561839_mean_min.nc
sea_surface_temperature,90,50,-70,-180,2020-01-01T00:00,2023-12-31T23:00,day,1.0,mean,max,270.36,304.51,5.17,/data/iharp-customized-storage/storage/sea_surface_temperature_N/sea_surface_temperature_t1_s2_Y_1736976561839_mean_max.nc
sea_surface_temperature,90,50,-70,-180,2020-01-01T00:00,2023-12-31T23:00,day,0.5,min,mean,269.8,302.36,17.83,/data/iharp-customized-storage/storage/sea_surface_temperature_N/sea_surface_temperature_t1_s1_Y_1736976561839_min_mean.nc
sea_surface_temperature,90,50,-70,-180,2020-01-01T00:00,2023-12-31T23:00,day,0.5,min,min,269.8,302.36,17.0,/data/iharp-customized-storage/storage/sea_surface_temperature_N/sea_surface_temperature_t1_s1_Y_1736976561839_min_min.nc
sea_surface_temperature,90,50,-70,-180,2020-01-01T00:00,2023-12-31T23:00,day,0.5,min,max,269.8,302.36,17.14,/data/iharp-customized-storage/storage/sea_surface_temperature_N/sea_surface_temperature_t1_s1_Y_1736976561839_min_max.nc
sea_surface_temperature,90,50,-70,-180,2020-01-01T00:00,2023-12-31T23:00,day,1.0,min,mean,270.21,302.36,5.52,/data/iharp-customized-storage/storage/sea_surface_temperature_N/sea_surface_temperature_t1_s2_Y_1736976561839_min_mean.nc
sea_surface_temperature,90,50,-70,-180,2020-01-01T00:00,2023-12-31T23:00,day,1.0,min,min,269.8,302.36,4.39,/data/iharp-customized-storage/storage/sea_surface_temperature_N/sea_surface_temperature_t1_s2_Y_1736976561839_min_min.nc
sea_surface_temperature,90,50,-70,-180,2020-01-01T00:00,2023-12-31T23:00,day,1.0,min,max,270.36,302.36,4.64,/data/iharp-customized-storage/storage/sea_surface_temperature_N/sea_surface_temperature_t1_s2_Y_1736976561839_min_max.nc
sea_surface_temperature,90,50,-70,-180,2020-01-01T00:00,2023-12-31T23:00,day,0.5,max,mean,269.8,307.22,17.97,/data/iharp-customized-storage/storage/sea_surface_temperature_N/sea_surface_temperature_t1_s1_Y_1736976561839_max_mean.nc
sea_surface_temperature,90,50,-70,-180,2020-01-01T00:00,2023-12-31T23:00,day,0.5,max,min,269.8,307.22,16.56,/data/iharp-customized-storage/storage/sea_surface_temperature_N/sea_surface_temperature_t1_s1_Y_1736976561839_max_min.nc
sea_surface_temperature,90,50,-70,-180,2020-01-01T00:00,2023-12-31T23:00,day,0.5,max,max,269.8,307.22,17.11,/data/iharp-customized-storage/storage/sea_surface_temperature_N/sea_surface_temperature_t1_s1_Y_1736976561839_max_max.nc
sea_surface_temperature,90,50,-70,-180,2020-01-01T00:00,2023-12-31T23:00,day,1.0,max,mean,270.21,307.22,5.59,/data/iharp-customized-storage/storage/sea_surface_temperature_N/sea_surface_temperature_t1_s2_Y_1736976561839_max_mean.nc
sea_surface_temperature,90,50,-70,-180,2020-01-01T00:00,2023-12-31T23:00,day,1.0,max,min,269.8,307.22,4.59,/data/iharp-customized-storage/storage/sea_surface_temperature_N/sea_surface_temperature_t1_s2_Y_1736976561839_max_min.nc
sea_surface_temperature,90,50,-70,-180,2020-01-01T00:00,2023-12-31T23:00,day,1.0,max,max,270.36,307.22,4.61,/data/iharp-customized-storage/storage/sea_surface_temperature_N/sea_surface_temperature_t1_s2_Y_1736976561839_max_max.nc
sea_surface_temperature,90,50,-70,-180,2020-01-01T00:00,2023-12-31T23:00,month,0.5,mean,mean,270.4,298.68,0.65,/data/iharp-customized-storage/storage/sea_surface_temperature_N/sea_surface_temperature_t2_s1_Y_1736976561839_mean_mean.nc
sea_surface_temperature,90,50,-70,-180,2020-01-01T00:00,2023-12-31T23:00,month,0.5,mean,min,270.4,298.68,0.64,/data/iharp-customized-storage/storage/sea_surface_temperature_N/sea_surface_temperature_t2_s1_Y_1736976561839_mean_min.nc
sea_surface_temperature,90,50,-70,-180,2020-01-01T00:00,2023-12-31T23:00,month,0.5,mean,max,270.4,298.68,0.64,/data/iharp-customized-storage/storage/sea_surface_temperature_N/sea_surface_temperature_t2_s1_Y_1736976561839_mean_max.nc
sea_surface_temperature,90,50,-70,-180,2020-01-01T00:00,2023-12-31T23:00,month,1.0,mean,mean,271.25,298.68,0.22,/data/iharp-customized-storage/storage/sea_surface_temperature_N/sea_surface_temperature_t2_s2_Y_1736976561839_mean_mean.nc
sea_surface_temperature,90,50,-70,-180,2020-01-01T00:00,2023-12-31T23:00,month,1.0,mean,min,270.4,298.68,0.21,/data/iharp-customized-storage/storage/sea_surface_temperature_N/sea_surface_temperature_t2_s2_Y_1736976561839_mean_min.nc
sea_surface_temperature,90,50,-70,-180,2020-01-01T00:00,2023-12-31T23:00,month,1.0,mean,max,271.26,298.68,0.22,/data/iharp-customized-storage/storage/sea_surface_temperature_N/sea_surface_temperature_t2_s2_Y_1736976561839_mean_max.nc
sea_surface_temperature,90,50,-70,-180,2020-01-01T00:00,2023-12-31T23:00,month,0.5,min,mean,269.8,294.18,0.56,/data/iharp-customized-storage/storage/sea_surface_temperature_N/sea_surface_temperature_t2_s1_Y_1736976561839_min_mean.nc
sea_surface_temperature,90,50,-70,-180,2020-01-01T00:00,2023-12-31T23:00,month,0.5,min,min,269.8,294.18,0.53,/data/iharp-customized-storage/storage/sea_surface_temperature_N/sea_surface_temperature_t2_s1_Y_1736976561839_min_min.nc
sea_surface_temperature,90,50,-70,-180,2020-01-01T00:00,2023-12-31T23:00,month,0.5,min,max,269.8,294.18,0.51,/data/iharp-customized-storage/storage/sea_surface_temperature_N/sea_surface_temperature_t2_s1_Y_1736976561839_min_max.nc
sea_surface_temperature,90,50,-70,-180,2020-01-01T00:00,2023-12-31T23:00,month,1.0,min,mean,270.21,294.18,0.2,/data/iharp-customized-storage/storage/sea_surface_temperature_N/sea_surface_temperature_t2_s2_Y_1736976561839_min_mean.nc
sea_surface_temperature,90,50,-70,-180,2020-01-01T00:00,2023-12-31T23:00,month,1.0,min,min,269.8,294.18,0.18,/data/iharp-customized-storage/storage/sea_surface_temperature_N/sea_surface_temperature_t2_s2_Y_1736976561839_min_min.nc
sea_surface_temperature,90,50,-70,-180,2020-01-01T00:00,2023-12-31T23:00,month,1.0,min,max,270.36,294.18,0.18,/data/iharp-customized-storage/storage/sea_surface_temperature_N/sea_surface_temperature_t2_s2_Y_1736976561839_min_max.nc
sea_surface_temperature,90,50,-70,-180,2020-01-01T00:00,2023-12-31T23:00,month,0.5,max,mean,271.0,307.22,0.65,/data/iharp-customized-storage/storage/sea_surface_temperature_N/sea_surface_temperature_t2_s1_Y_1736976561839_max_mean.nc
sea_surface_temperature,90,50,-70,-180,2020-01-01T00:00,2023-12-31T23:00,month,0.5,max,min,271.0,307.22,0.61,/data/iharp-customized-storage/storage/sea_surface_temperature_N/sea_surface_temperature_t2_s1_Y_1736976561839_max_min.nc
sea_surface_temperature,90,50,-70,-180,2020-01-01T00:00,2023-12-31T23:00,month,0.5,max,max,271.0,307.22,0.58,/data/iharp-customized-storage/storage/sea_surface_temperature_N/sea_surface_temperature_t2_s1_Y_1736976561839_max_max.nc
sea_surface_temperature,90,50,-70,-180,2020-01-01T00:00,2023-12-31T23:00,month,1.0,max,mean,271.46,307.22,0.23,/data/iharp-customized-storage/storage/sea_surface_temperature_N/sea_surface_temperature_t2_s2_Y_1736976561839_max_mean.nc
sea_surface_temperature,90,50,-70,-180,2020-01-01T00:00,2023-12-31T23:00,month,1.0,max,min,271.0,307.22,0.21,/data/iharp-customized-storage/storage/sea_surface_temperature_N/sea_surface_temperature_t2_s2_Y_1736976561839_max_min.nc
sea_surface_temperature,90,50,-70,-180,2020-01-01T00:00,2023-12-31T23:00,month,1.0,max,max,271.46,307.22,0.2,/data/iharp-customized-storage/storage/sea_surface_temperature_N/sea_surface_temperature_t2_s2_Y_1736976561839_max_max.nc
sea_surface_temperature,90,50,-70,-180,2020-01-01T00:00,2023-12-31T23:00,year,0.5,mean,mean,271.46,284.4,0.09,/data/iharp-customized-storage/storage/sea_surface_temperature_N/sea_surface_temperature_t3_s1_Y_1736976561839_mean_mean.nc
sea_surface_temperature,90,50,-70,-180,2020-01-01T00:00,2023-12-31T23:00,year,0.5,mean,min,271.46,284.35,0.09,/data/iharp-customized-storage/storage/sea_surface_temperature_N/sea_surface_temperature_t3_s1_Y_1736976561839_mean_min.nc
sea_surface_temperature,90,50,-70,-180,2020-01-01T00:00,2023-12-31T23:00,year,0.5,mean,max,271.46,284.48,0.09,/data/iharp-customized-storage/storage/sea_surface_temperature_N/sea_surface_temperature_t3_s1_Y_1736976561839_mean_max.nc
sea_surface_temperature,90,50,-70,-180,2020-01-01T00:00,2023-12-31T23:00,year,1.0,mean,mean,271.46,284.3,0.04,/data/iharp-customized-storage/storage/sea_surface_temperature_N/sea_surface_temperature_t3_s2_Y_1736976561839_mean_mean.nc
sea_surface_temperature,90,50,-70,-180,2020-01-01T00:00,2023-12-31T23:00,year,1.0,mean,min,271.46,284.1,0.04,/data/iharp-customized-storage/storage/sea_surface_temperature_N/sea_surface_temperature_t3_s2_Y_1736976561839_mean_min.nc
sea_surface_temperature,90,50,-70,-180,2020-01-01T00:00,2023-12-31T23:00,year,1.0,mean,max,271.46,284.48,0.04,/data/iharp-customized-storage/storage/sea_surface_temperature_N/sea_surface_temperature_t3_s2_Y_1736976561839_mean_max.nc
sea_surface_temperature,90,50,-70,-180,2020-01-01T00:00,2023-12-31T23:00,year,0.5,min,mean,269.8,280.73,0.07,/data/iharp-customized-storage/storage/sea_surface_temperature_N/sea_surface_temperature_t3_s1_Y_1736976561839_min_mean.nc
sea_surface_temperature,90,50,-70,-180,2020-01-01T00:00,2023-12-31T23:00,year,0.5,min,min,269.8,280.72,0.06,/data/iharp-customized-storage/storage/sea_surface_temperature_N/sea_surface_temperature_t3_s1_Y_1736976561839_min_min.nc
sea_surface_temperature,90,50,-70,-180,2020-01-01T00:00,2023-12-31T23:00,year,0.5,min,max,269.8,280.88,0.06,/data/iharp-customized-storage/storage/sea_surface_temperature_N/sea_surface_temperature_t3_s1_Y_1736976561839_min_max.nc
sea_surface_temperature,90,50,-70,-180,2020-01-01T00:00,2023-12-31T23:00,year,1.0,min,mean,270.21,280.58,0.04,/data/iharp-customized-storage/storage/sea_surface_temperature_N/sea_surface_temperature_t3_s2_Y_1736976561839_min_mean.nc
sea_surface_temperature,90,50,-70,-180,2020-01-01T00:00,2023-12-31T23:00,year,1.0,min,min,269.8,280.29,0.04,/data/iharp-customized-storage/storage/sea_surface_temperature_N/sea_surface_temperature_t3_s2_Y_1736976561839_min_min.nc
sea_surface_temperature,90,50,-70,-180,2020-01-01T00:00,2023-12-31T23:00,year,1.0,min,max,270.36,280.88,0.03,/data/iharp-customized-storage/storage/sea_surface_temperature_N/sea_surface_temperature_t3_s2_Y_1736976561839_min_max.nc
sea_surface_temperature,90,50,-70,-180,2020-01-01T00:00,2023-12-31T23:00,year,0.5,max,mean,271.46,307.22,0.1,/data/iharp-customized-storage/storage/sea_surface_temperature_N/sea_surface_temperature_t3_s1_Y_1736976561839_max_mean.nc
sea_surface_temperature,90,50,-70,-180,2020-01-01T00:00,2023-12-31T23:00,year,0.5,max,min,271.46,307.22,0.1,/data/iharp-customized-storage/storage/sea_surface_temperature_N/sea_surface_temperature_t3_s1_Y_1736976561839_max_min.nc
sea_surface_temperature,90,50,-70,-180,2020-01-01T00:00,2023-12-31T23:00,year,0.5,max,max,271.46,307.22,0.09,/data/iharp-customized-storage/storage/sea_surface_temperature_N/sea_surface_temperature_t3_s1_Y_1736976561839_max_max.nc
sea_surface_temperature,90,50,-70,-180,2020-01-01T00:00,2023-12-31T23:00,year,1.0,max,mean,271.46,307.22,0.05,/data/iharp-customized-storage/storage/sea_surface_temperature_N/sea_surface_temperature_t3_s2_Y_1736976561839_max_mean.nc
sea_surface_temperature,90,50,-70,-180,2020-01-01T00:00,2023-12-31T23:00,year,1.0,max,min,271.46,307.22,0.05,/data/iharp-customized-storage/storage/sea_surface_temperature_N/sea_surface_temperature_t3_s2_Y_1736976561839_max_min.nc
sea_surface_temperature,90,50,-70,-180,2020-01-01T00:00,2023-12-31T23:00,year,1.0,max,max,271.46,307.22,0.04,/data/iharp-customized-storage/storage/sea_surface_temperature_N/sea_surface_temperature_t3_s2_Y_1736976561839_max_max.nc
sea_surface_temperature,80,70,-50,-80,2010-01-01T00:00,2014-12-31T23:00,hour,0.25,none,none,269.24,283.35,19.42,/data/iharp-customized-storage/storage/sea_surface_temperature_N/sea_surface_temperature_t0_s0_Y_1736993303695.nc
sea_surface_temperature,80,70,-50,-80,2010-01-01T00:00,2014-12-31T23:00,hour,0.5,none,mean,269.29,283.3,8.06,/data/iharp-customized-storage/storage/sea_surface_temperature_N/sea_surface_temperature_t0_s1_Y_1736993303695_mean.nc
sea_surface_temperature,80,70,-50,-80,2010-01-01T00:00,2014-12-31T23:00,hour,0.5,none,min,269.24,283.25,7.73,/data/iharp-customized-storage/storage/sea_surface_temperature_N/sea_surface_temperature_t0_s1_Y_1736993303695_min.nc
sea_surface_temperature,80,70,-50,-80,2010-01-01T00:00,2014-12-31T23:00,hour,0.5,none,max,269.39,283.35,7.61,/data/iharp-customized-storage/storage/sea_surface_temperature_N/sea_surface_temperature_t0_s1_Y_1736993303695_max.nc
sea_surface_temperature,80,70,-50,-80,2010-01-01T00:00,2014-12-31T23:00,hour,1.0,none,mean,269.39,283.14,1.5,/data/iharp-customized-storage/storage/sea_surface_temperature_N/sea_surface_temperature_t0_s2_Y_1736993303695_mean.nc
sea_surface_temperature,80,70,-50,-80,2010-01-01T00:00,2014-12-31T23:00,hour,1.0,none,min,269.24,283.04,1.56,/data/iharp-customized-storage/storage/sea_surface_temperature_N/sea_surface_temperature_t0_s2_Y_1736993303695_min.nc
sea_surface_temperature,80,70,-50,-80,2010-01-01T00:00,2014-12-31T23:00,hour,1.0,none,max,269.39,283.35,1.46,/data/iharp-customized-storage/storage/sea_surface_temperature_N/sea_surface_temperature_t0_s2_Y_1736993303695_max.nc
sea_surface_temperature,80,70,-50,-80,2010-01-01T00:00,2014-12-31T23:00,day,0.25,mean,none,269.24,283.32,5.96,/data/iharp-customized-storage/storage/sea_surface_temperature_N/sea_surface_temperature_t1_s0_Y_1736993303695_mean.nc
sea_surface_temperature,80,70,-50,-80,2010-01-01T00:00,2014-12-31T23:00,day,0.5,mean,mean,269.29,283.27,1.68,/data/iharp-customized-storage/storage/sea_surface_temperature_N/sea_surface_temperature_t1_s1_Y_1736993303695_mean_mean.nc
sea_surface_temperature,80,70,-50,-80,2010-01-01T00:00,2014-12-31T23:00,day,0.5,mean,min,269.24,283.22,1.6,/data/iharp-customized-storage/storage/sea_surface_temperature_N/sea_surface_temperature_t1_s1_Y_1736993303695_mean_min.nc
sea_surface_temperature,80,70,-50,-80,2010-01-01T00:00,2014-12-31T23:00,day,0.5,mean,max,269.38,283.32,1.64,/data/iharp-customized-storage/storage/sea_surface_temperature_N/sea_surface_temperature_t1_s1_Y_1736993303695_mean_max.nc
sea_surface_temperature,80,70,-50,-80,2010-01-01T00:00,2014-12-31T23:00,day,1.0,mean,mean,269.38,283.11,0.51,/data/iharp-customized-storage/storage/sea_surface_temperature_N/sea_surface_temperature_t1_s2_Y_1736993303695_mean_mean.nc
sea_surface_temperature,80,70,-50,-80,2010-01-01T00:00,2014-12-31T23:00,day,1.0,mean,min,269.24,283.02,0.47,/data/iharp-customized-storage/storage/sea_surface_temperature_N/sea_surface_temperature_t1_s2_Y_1736993303695_mean_min.nc
sea_surface_temperature,80,70,-50,-80,2010-01-01T00:00,2014-12-31T23:00,day,1.0,mean,max,269.38,283.32,0.51,/data/iharp-customized-storage/storage/sea_surface_temperature_N/sea_surface_temperature_t1_s2_Y_1736993303695_mean_max.nc
sea_surface_temperature,80,70,-50,-80,2010-01-01T00:00,2014-12-31T23:00,day,0.25,min,none,269.24,282.94,4.97,/data/iharp-customized-storage/storage/sea_surface_temperature_N/sea_surface_temperature_t1_s0_Y_1736993303695_min.nc
sea_surface_temperature,80,70,-50,-80,2010-01-01T00:00,2014-12-31T23:00,day,0.5,min,mean,269.29,282.89,1.39,/data/iharp-customized-storage/storage/sea_surface_temperature_N/sea_surface_temperature_t1_s1_Y_1736993303695_min_mean.nc
sea_surface_temperature,80,70,-50,-80,2010-01-01T00:00,2014-12-31T23:00,day,0.5,min,min,269.24,282.87,1.28,/data/iharp-customized-storage/storage/sea_surface_temperature_N/sea_surface_temperature_t1_s1_Y_1736993303695_min_min.nc
sea_surface_temperature,80,70,-50,-80,2010-01-01T00:00,2014-12-31T23:00,day,0.5,min,max,269.39,282.94,1.31,/data/iharp-customized-storage/storage/sea_surface_temperature_N/sea_surface_temperature_t1_s1_Y_1736993303695_min_max.nc
sea_surface_temperature,80,70,-50,-80,2010-01-01T00:00,2014-12-31T23:00,day,1.0,min,mean,269.39,282.85,0.46,/data/iharp-customized-storage/storage/sea_surface_temperature_N/sea_surface_temperature_t1_s2_Y_1736993303695_min_mean.nc
sea_surface_temperature,80,70,-50,-80,2010-01-01T00:00,2014-12-31T23:00,day,1.0,min,min,269.24,282.78,0.38,/data/iharp-customized-storage/storage/sea_surface_temperature_N/sea_surface_temperature_t1_s2_Y_1736993303695_min_min.nc
sea_surface_temperature,80,70,-50,-80,2010-01-01T00:00,2014-12-31T23:00,day,1.0,min,max,269.39,282.94,0.41,/data/iharp-customized-storage/storage/sea_surface_temperature_N/sea_surface_temperature_t1_s2_Y_1736993303695_min_max.nc
sea_surface_temperature,80,70,-50,-80,2010-01-01T00:00,2014-12-31T23:00,day,0.25,max,none,269.24,283.35,6.12,/data/iharp-customized-storage/storage/sea_surface_temperature_N/sea_surface_temperature_t1_s0_Y_1736993303695_max.nc
sea_surface_temperature,80,70,-50,-80,2010-01-01T00:00,2014-12-31T23:00,day,0.5,max,mean,269.29,283.3,1.41,/data/iharp-customized-storage/storage/sea_surface_temperature_N/sea_surface_temperature_t1_s1_Y_1736993303695_max_mean.nc
sea_surface_temperature,80,70,-50,-80,2010-01-01T00:00,2014-12-31T23:00,day,0.5,max,min,269.24,283.25,1.3,/data/iharp-customized-storage/storage/sea_surface_temperature_N/sea_surface_temperature_t1_s1_Y_1736993303695_max_min.nc
sea_surface_temperature,80,70,-50,-80,2010-01-01T00:00,2014-12-31T23:00,day,0.5,max,max,269.39,283.35,1.33,/data/iharp-customized-storage/storage/sea_surface_temperature_N/sea_surface_temperature_t1_s1_Y_1736993303695_max_max.nc
sea_surface_temperature,80,70,-50,-80,2010-01-01T00:00,2014-12-31T23:00,day,1.0,max,mean,269.39,283.14,0.47,/data/iharp-customized-storage/storage/sea_surface_temperature_N/sea_surface_temperature_t1_s2_Y_1736993303695_max_mean.nc
sea_surface_temperature,80,70,-50,-80,2010-01-01T00:00,2014-12-31T23:00,day,1.0,max,min,269.24,283.04,0.39,/data/iharp-customized-storage/storage/sea_surface_temperature_N/sea_surface_temperature_t1_s2_Y_1736993303695_max_min.nc
sea_surface_temperature,80,70,-50,-80,2010-01-01T00:00,2014-12-31T23:00,day,1.0,max,max,269.39,283.35,0.41,/data/iharp-customized-storage/storage/sea_surface_temperature_N/sea_surface_temperature_t1_s2_Y_1736993303695_max_max.nc
sea_surface_temperature,80,70,-50,-80,2010-01-01T00:00,2014-12-31T23:00,month,0.25,mean,none,269.44,280.96,0.24,/data/iharp-customized-storage/storage/sea_surface_temperature_N/sea_surface_temperature_t2_s0_Y_1736993303695_mean.nc
sea_surface_temperature,80,70,-50,-80,2010-01-01T00:00,2014-12-31T23:00,month,0.5,mean,mean,269.47,280.88,0.09,/data/iharp-customized-storage/storage/sea_surface_temperature_N/sea_surface_temperature_t2_s1_Y_1736993303695_mean_mean.nc
sea_surface_temperature,80,70,-50,-80,2010-01-01T00:00,2014-12-31T23:00,month,0.5,mean,min,269.44,280.84,0.09,/data/iharp-customized-storage/storage/sea_surface_temperature_N/sea_surface_temperature_t2_s1_Y_1736993303695_mean_min.nc
sea_surface_temperature,80,70,-50,-80,2010-01-01T00:00,2014-12-31T23:00,month,0.5,mean,max,269.47,280.96,0.09,/data/iharp-customized-storage/storage/sea_surface_temperature_N/sea_surface_temperature_t2_s1_Y_1736993303695_mean_max.nc
sea_surface_temperature,80,70,-50,-80,2010-01-01T00:00,2014-12-31T23:00,month,1.0,mean,mean,269.47,280.83,0.04,/data/iharp-customized-storage/storage/sea_surface_temperature_N/sea_surface_temperature_t2_s2_Y_1736993303695_mean_mean.nc
sea_surface_temperature,80,70,-50,-80,2010-01-01T00:00,2014-12-31T23:00,month,1.0,mean,min,269.44,280.8,0.04,/data/iharp-customized-storage/storage/sea_surface_temperature_N/sea_surface_temperature_t2_s2_Y_1736993303695_mean_min.nc
sea_surface_temperature,80,70,-50,-80,2010-01-01T00:00,2014-12-31T23:00,month,1.0,mean,max,269.47,280.96,0.04,/data/iharp-customized-storage/storage/sea_surface_temperature_N/sea_surface_temperature_t2_s2_Y_1736993303695_mean_max.nc
sea_surface_temperature,80,70,-50,-80,2010-01-01T00:00,2014-12-31T23:00,month,0.25,min,none,269.24,279.31,0.18,/data/iharp-customized-storage/storage/sea_surface_temperature_N/sea_surface_temperature_t2_s0_Y_1736993303695_min.nc
sea_surface_temperature,80,70,-50,-80,2010-01-01T00:00,2014-12-31T23:00,month,0.5,min,mean,269.29,279.24,0.07,/data/iharp-customized-storage/storage/sea_surface_temperature_N/sea_surface_temperature_t2_s1_Y_1736993303695_min_mean.nc
sea_surface_temperature,80,70,-50,-80,2010-01-01T00:00,2014-12-31T23:00,month,0.5,min,min,269.24,279.17,0.07,/data/iharp-customized-storage/storage/sea_surface_temperature_N/sea_surface_temperature_t2_s1_Y_1736993303695_min_min.nc
sea_surface_temperature,80,70,-50,-80,2010-01-01T00:00,2014-12-31T23:00,month,0.5,min,max,269.39,279.31,0.07,/data/iharp-customized-storage/storage/sea_surface_temperature_N/sea_surface_temperature_t2_s1_Y_1736993303695_min_max.nc
sea_surface_temperature,80,70,-50,-80,2010-01-01T00:00,2014-12-31T23:00,month,1.0,min,mean,269.39,279.1,0.04,/data/iharp-customized-storage/storage/sea_surface_temperature_N/sea_surface_temperature_t2_s2_Y_1736993303695_min_mean.nc
sea_surface_temperature,80,70,-50,-80,2010-01-01T00:00,2014-12-31T23:00,month,1.0,min,min,269.24,278.88,0.04,/data/iharp-customized-storage/storage/sea_surface_temperature_N/sea_surface_temperature_t2_s2_Y_1736993303695_min_min.nc
sea_surface_temperature,80,70,-50,-80,2010-01-01T00:00,2014-12-31T23:00,month,1.0,min,max,269.39,279.31,0.04,/data/iharp-customized-storage/storage/sea_surface_temperature_N/sea_surface_temperature_t2_s2_Y_1736993303695_min_max.nc
sea_surface_temperature,80,70,-50,-80,2010-01-01T00:00,2014-12-31T23:00,month,0.25,max,none,269.71,283.35,0.22,/data/iharp-customized-storage/storage/sea_surface_temperature_N/sea_surface_temperature_t2_s0_Y_1736993303695_max.nc
sea_surface_temperature,80,70,-50,-80,2010-01-01T00:00,2014-12-31T23:00,month,0.5,max,mean,269.71,283.3,0.09,/data/iharp-customized-storage/storage/sea_surface_temperature_N/sea_surface_temperature_t2_s1_Y_1736993303695_max_mean.nc
sea_surface_temperature,80,70,-50,-80,2010-01-01T00:00,2014-12-31T23:00,month,0.5,max,min,269.71,283.25,0.08,/data/iharp-customized-storage/storage/sea_surface_temperature_N/sea_surface_temperature_t2_s1_Y_1736993303695_max_min.nc
sea_surface_temperature,80,70,-50,-80,2010-01-01T00:00,2014-12-31T23:00,month,0.5,max,max,269.71,283.35,0.08,/data/iharp-customized-storage/storage/sea_surface_temperature_N/sea_surface_temperature_t2_s1_Y_1736993303695_max_max.nc
sea_surface_temperature,80,70,-50,-80,2010-01-01T00:00,2014-12-31T23:00,month,1.0,max,mean,269.71,283.14,0.04,/data/iharp-customized-storage/storage/sea_surface_temperature_N/sea_surface_temperature_t2_s2_Y_1736993303695_max_mean.nc
sea_surface_temperature,80,70,-50,-80,2010-01-01T00:00,2014-12-31T23:00,month,1.0,max,min,269.71,283.04,0.04,/data/iharp-customized-storage/storage/sea_surface_temperature_N/sea_surface_temperature_t2_s2_Y_1736993303695_max_min.nc
sea_surface_temperature,80,70,-50,-80,2010-01-01T00:00,2014-12-31T23:00,month,1.0,max,max,269.71,283.35,0.04,/data/iharp-customized-storage/storage/sea_surface_temperature_N/sea_surface_temperature_t2_s2_Y_1736993303695_max_max.nc
sea_surface_temperature,80,70,-50,-80,2010-01-01T00:00,2014-12-31T23:00,year,0.25,mean,none,271.48,275.03,0.05,/data/iharp-customized-storage/storage/sea_surface_temperature_N/sea_surface_temperature_t3_s0_Y_1736993303695_mean.nc
sea_surface_temperature,80,70,-50,-80,2010-01-01T00:00,2014-12-31T23:00,year,0.5,mean,mean,271.48,274.88,0.03,/data/iharp-customized-storage/storage/sea_surface_temperature_N/sea_surface_temperature_t3_s1_Y_1736993303695_mean_mean.nc
sea_surface_temperature,80,70,-50,-80,2010-01-01T00:00,2014-12-31T23:00,year,0.5,mean,min,271.48,274.86,0.03,/data/iharp-customized-storage/storage/sea_surface_temperature_N/sea_surface_temperature_t3_s1_Y_1736993303695_mean_min.nc
sea_surface_temperature,80,70,-50,-80,2010-01-01T00:00,2014-12-31T23:00,year,0.5,mean,max,271.48,275.03,0.03,/data/iharp-customized-storage/storage/sea_surface_temperature_N/sea_surface_temperature_t3_s1_Y_1736993303695_mean_max.nc
sea_surface_temperature,80,70,-50,-80,2010-01-01T00:00,2014-12-31T23:00,year,1.0,mean,mean,271.48,274.79,0.03,/data/iharp-customized-storage/storage/sea_surface_temperature_N/sea_surface_temperature_t3_s2_Y_1736993303695_mean_mean.nc
sea_surface_temperature,80,70,-50,-80,2010-01-01T00:00,2014-12-31T23:00,year,1.0,mean,min,271.48,274.68,0.03,/data/iharp-customized-storage/storage/sea_surface_temperature_N/sea_surface_temperature_t3_s2_Y_1736993303695_mean_min.nc
sea_surface_temperature,80,70,-50,-80,2010-01-01T00:00,2014-12-31T23:00,year,1.0,mean,max,271.48,275.03,0.03,/data/iharp-customized-storage/storage/sea_surface_temperature_N/sea_surface_temperature_t3_s2_Y_1736993303695_mean_max.nc
sea_surface_temperature,80,70,-50,-80,2010-01-01T00:00,2014-12-31T23:00,year,0.25,min,none,269.24,271.46,0.04,/data/iharp-customized-storage/storage/sea_surface_temperature_N/sea_surface_temperature_t3_s0_Y_1736993303695_min.nc
sea_surface_temperature,80,70,-50,-80,2010-01-01T00:00,2014-12-31T23:00,year,0.5,min,mean,269.29,271.46,0.03,/data/iharp-customized-storage/storage/sea_surface_temperature_N/sea_surface_temperature_t3_s1_Y_1736993303695_min_mean.nc
sea_surface_temperature,80,70,-50,-80,2010-01-01T00:00,2014-12-31T23:00,year,0.5,min,min,269.24,271.46,0.03,/data/iharp-customized-storage/storage/sea_surface_temperature_N/sea_surface_temperature_t3_s1_Y_1736993303695_min_min.nc
sea_surface_temperature,80,70,-50,-80,2010-01-01T00:00,2014-12-31T23:00,year,0.5,min,max,269.39,271.46,0.03,/data/iharp-customized-storage/storage/sea_surface_temperature_N/sea_surface_temperature_t3_s1_Y_1736993303695_min_max.nc
sea_surface_temperature,80,70,-50,-80,2010-01-01T00:00,2014-12-31T23:00,year,1.0,min,mean,269.39,271.46,0.03,/data/iharp-customized-storage/storage/sea_surface_temperature_N/sea_surface_temperature_t3_s2_Y_1736993303695_min_mean.nc
sea_surface_temperature,80,70,-50,-80,2010-01-01T00:00,2014-12-31T23:00,year,1.0,min,min,269.24,271.46,0.03,/data/iharp-customized-storage/storage/sea_surface_temperature_N/sea_surface_temperature_t3_s2_Y_1736993303695_min_min.nc
sea_surface_temperature,80,70,-50,-80,2010-01-01T00:00,2014-12-31T23:00,year,1.0,min,max,269.39,271.46,0.02,/data/iharp-customized-storage/storage/sea_surface_temperature_N/sea_surface_temperature_t3_s2_Y_1736993303695_min_max.nc
sea_surface_temperature,80,70,-50,-80,2010-01-01T00:00,2014-12-31T23:00,year,0.25,max,none,271.56,283.35,0.05,/data/iharp-customized-storage/storage/sea_surface_temperature_N/sea_surface_temperature_t3_s0_Y_1736993303695_max.nc
sea_surface_temperature,80,70,-50,-80,2010-01-01T00:00,2014-12-31T23:00,year,0.5,max,mean,271.56,283.3,0.03,/data/iharp-customized-storage/storage/sea_surface_temperature_N/sea_surface_temperature_t3_s1_Y_1736993303695_max_mean.nc
sea_surface_temperature,80,70,-50,-80,2010-01-01T00:00,2014-12-31T23:00,year,0.5,max,min,271.56,283.25,0.03,/data/iharp-customized-storage/storage/sea_surface_temperature_N/sea_surface_temperature_t3_s1_Y_1736993303695_max_min.nc
sea_surface_temperature,80,70,-50,-80,2010-01-01T00:00,2014-12-31T23:00,year,0.5,max,max,271.56,283.35,0.03,/data/iharp-customized-storage/storage/sea_surface_temperature_N/sea_surface_temperature_t3_s1_Y_1736993303695_max_max.nc
sea_surface_temperature,80,70,-50,-80,2010-01-01T00:00,2014-12-31T23:00,year,1.0,max,mean,271.6,283.14,0.03,/data/iharp-customized-storage/storage/sea_surface_temperature_N/sea_surface_temperature_t3_s2_Y_1736993303695_max_mean.nc
sea_surface_temperature,80,70,-50,-80,2010-01-01T00:00,2014-12-31T23:00,year,1.0,max,min,271.56,283.04,0.03,/data/iharp-customized-storage/storage/sea_surface_temperature_N/sea_surface_temperature_t3_s2_Y_1736993303695_max_min.nc
sea_surface_temperature,80,70,-50,-80,2010-01-01T00:00,2014-12-31T23:00,year,1.0,max,max,271.64,283.35,0.03,/data/iharp-customized-storage/storage/sea_surface_temperature_N/sea_surface_temperature_t3_s2_Y_1736993303695_max_max.nc
sea_surface_temperature,90,50,180,10,2020-01-01T00:00,2023-12-31T23:00,year,0.5,min,max,270.16,279.59,0.07,/data/iharp-customized-storage/storage/sea_surface_temperature_N/sea_surface_temperature_t3_s1_Y_1736983441536_min_max.nc
sea_surface_temperature,90,50,180,10,2020-01-01T00:00,2023-12-31T23:00,year,0.5,mean,mean,271.44,284.56,0.12,/data/iharp-customized-storage/storage/sea_surface_temperature_N/sea_surface_temperature_t3_s1_Y_1736983441536_mean_mean.nc
sea_surface_temperature,90,50,180,10,2020-01-01T00:00,2023-12-31T23:00,month,1.0,min,max,270.16,295.45,0.23,/data/iharp-customized-storage/storage/sea_surface_temperature_N/sea_surface_temperature_t2_s2_Y_1736983441536_min_max.nc
sea_surface_temperature,90,50,180,10,2020-01-01T00:00,2023-12-31T23:00,month,0.5,min,min,270.16,295.45,0.68,/data/iharp-customized-storage/storage/sea_surface_temperature_N/sea_surface_temperature_t2_s1_Y_1736983441536_min_min.nc
sea_surface_temperature,90,50,180,10,2020-01-01T00:00,2023-12-31T23:00,day,0.25,max,none,270.2,306.04,77.66,/data/iharp-customized-storage/storage/sea_surface_temperature_N/sea_surface_temperature_t1_s0_Y_1736983441536_max.nc
sea_surface_temperature,90,50,180,10,2020-01-01T00:00,2023-12-31T23:00,month,0.5,max,mean,271.3,306.04,0.87,/data/iharp-customized-storage/storage/sea_surface_temperature_N/sea_surface_temperature_t2_s1_Y_1736983441536_max_mean.nc
sea_surface_temperature,90,50,180,10,2020-01-01T00:00,2023-12-31T23:00,day,0.5,max,mean,270.2,306.04,23.16,/data/iharp-customized-storage/storage/sea_surface_temperature_N/sea_surface_temperature_t1_s1_Y_1736983441536_max_mean.nc
sea_surface_temperature,90,50,180,10,2020-01-01T00:00,2023-12-31T23:00,day,1.0,mean,min,270.2,303.84,6.71,/data/iharp-customized-storage/storage/sea_surface_temperature_N/sea_surface_temperature_t1_s2_Y_1736983441536_mean_min.nc
sea_surface_temperature,90,50,180,10,2020-01-01T00:00,2023-12-31T23:00,month,1.0,max,min,271.3,306.04,0.27,/data/iharp-customized-storage/storage/sea_surface_temperature_N/sea_surface_temperature_t2_s2_Y_1736983441536_max_min.nc
sea_surface_temperature,90,50,180,10,2020-01-01T00:00,2023-12-31T23:00,month,1.0,max,max,271.46,306.04,0.26,/data/iharp-customized-storage/storage/sea_surface_temperature_N/sea_surface_temperature_t2_s2_Y_1736983441536_max_max.nc
sea_surface_temperature,90,50,180,10,2020-01-01T00:00,2023-12-31T23:00,day,0.5,min,min,270.16,302.56,20.97,/data/iharp-customized-storage/storage/sea_surface_temperature_N/sea_surface_temperature_t1_s1_Y_1736983441536_min_min.nc
sea_surface_temperature,90,50,180,10,2020-01-01T00:00,2023-12-31T23:00,year,0.5,mean,max,271.44,284.61,0.12,/data/iharp-customized-storage/storage/sea_surface_temperature_N/sea_surface_temperature_t3_s1_Y_1736983441536_mean_max.nc
sea_surface_temperature,90,50,180,10,2020-01-01T00:00,2023-12-31T23:00,day,0.5,mean,mean,270.2,303.84,26.35,/data/iharp-customized-storage/storage/sea_surface_temperature_N/sea_surface_temperature_t1_s1_Y_1736983441536_mean_mean.nc
sea_surface_temperature,90,50,180,10,2020-01-01T00:00,2023-12-31T23:00,year,1.0,max,min,271.46,306.04,0.05,/data/iharp-customized-storage/storage/sea_surface_temperature_N/sea_surface_temperature_t3_s2_Y_1736983441536_max_min.nc
sea_surface_temperature,90,50,180,10,2020-01-01T00:00,2023-12-31T23:00,month,0.25,min,none,270.16,295.45,2.7,/data/iharp-customized-storage/storage/sea_surface_temperature_N/sea_surface_temperature_t2_s0_Y_1736983441536_min.nc
sea_surface_temperature,90,50,180,10,2020-01-01T00:00,2023-12-31T23:00,day,1.0,min,min,270.16,302.56,5.58,/data/iharp-customized-storage/storage/sea_surface_temperature_N/sea_surface_temperature_t1_s2_Y_1736983441536_min_min.nc
sea_surface_temperature,90,50,180,10,2020-01-01T00:00,2023-12-31T23:00,day,1.0,min,max,270.16,302.56,5.91,/data/iharp-customized-storage/storage/sea_surface_temperature_N/sea_surface_temperature_t1_s2_Y_1736983441536_min_max.nc
sea_surface_temperature,90,50,180,10,2020-01-01T00:00,2023-12-31T23:00,year,0.25,max,none,271.46,306.04,0.33,/data/iharp-customized-storage/storage/sea_surface_temperature_N/sea_surface_temperature_t3_s0_Y_1736983441536_max.nc
sea_surface_temperature,90,50,180,10,2020-01-01T00:00,2023-12-31T23:00,month,0.25,mean,none,270.73,299.57,3.34,/data/iharp-customized-storage/storage/sea_surface_temperature_N/sea_surface_temperature_t2_s0_Y_1736983441536_mean.nc
sea_surface_temperature,90,50,180,10,2020-01-01T00:00,2023-12-31T23:00,year,0.5,min,mean,270.16,279.56,0.08,/data/iharp-customized-storage/storage/sea_surface_temperature_N/sea_surface_temperature_t3_s1_Y_1736983441536_min_mean.nc
sea_surface_temperature,90,50,180,10,2020-01-01T00:00,2023-12-31T23:00,day,0.5,min,mean,270.16,302.56,23.98,/data/iharp-customized-storage/storage/sea_surface_temperature_N/sea_surface_temperature_t1_s1_Y_1736983441536_min_mean.nc
sea_surface_temperature,90,50,180,10,2020-01-01T00:00,2023-12-31T23:00,year,0.25,mean,none,271.44,284.61,0.33,/data/iharp-customized-storage/storage/sea_surface_temperature_N/sea_surface_temperature_t3_s0_Y_1736983441536_mean.nc
sea_surface_temperature,90,50,180,10,2020-01-01T00:00,2023-12-31T23:00,month,0.5,max,max,271.3,306.04,0.77,/data/iharp-customized-storage/storage/sea_surface_temperature_N/sea_surface_temperature_t2_s1_Y_1736983441536_max_max.nc
sea_surface_temperature,90,50,180,10,2020-01-01T00:00,2023-12-31T23:00,day,0.5,min,max,270.16,302.56,21.62,/data/iharp-customized-storage/storage/sea_surface_temperature_N/sea_surface_temperature_t1_s1_Y_1736983441536_min_max.nc
sea_surface_temperature,90,50,180,10,2020-01-01T00:00,2023-12-31T23:00,year,1.0,mean,max,271.48,284.61,0.05,/data/iharp-customized-storage/storage/sea_surface_temperature_N/sea_surface_temperature_t3_s2_Y_1736983441536_mean_max.nc
sea_surface_temperature,90,50,180,10,2020-01-01T00:00,2023-12-31T23:00,month,1.0,max,mean,271.46,306.04,0.3,/data/iharp-customized-storage/storage/sea_surface_temperature_N/sea_surface_temperature_t2_s2_Y_1736983441536_max_mean.nc
sea_surface_temperature,90,50,180,10,2020-01-01T00:00,2023-12-31T23:00,day,1.0,mean,max,270.2,303.84,7.06,/data/iharp-customized-storage/storage/sea_surface_temperature_N/sea_surface_temperature_t1_s2_Y_1736983441536_mean_max.nc
sea_surface_temperature,90,50,180,10,2020-01-01T00:00,2023-12-31T23:00,year,0.5,max,max,271.46,306.04,0.11,/data/iharp-customized-storage/storage/sea_surface_temperature_N/sea_surface_temperature_t3_s1_Y_1736983441536_max_max.nc
sea_surface_temperature,90,50,180,10,2020-01-01T00:00,2023-12-31T23:00,day,0.25,min,none,270.16,302.56,76.3,/data/iharp-customized-storage/storage/sea_surface_temperature_N/sea_surface_temperature_t1_s0_Y_1736983441536_min.nc
sea_surface_temperature,90,50,180,10,2020-01-01T00:00,2023-12-31T23:00,month,0.5,mean,mean,270.73,299.57,0.87,/data/iharp-customized-storage/storage/sea_surface_temperature_N/sea_surface_temperature_t2_s1_Y_1736983441536_mean_mean.nc
sea_surface_temperature,90,50,180,10,2020-01-01T00:00,2023-12-31T23:00,day,1.0,max,min,270.2,306.04,5.72,/data/iharp-customized-storage/storage/sea_surface_temperature_N/sea_surface_temperature_t1_s2_Y_1736983441536_max_min.nc
sea_surface_temperature,90,50,180,10,2020-01-01T00:00,2023-12-31T23:00,year,0.5,min,min,270.16,279.52,0.08,/data/iharp-customized-storage/storage/sea_surface_temperature_N/sea_surface_temperature_t3_s1_Y_1736983441536_min_min.nc
sea_surface_temperature,90,50,180,10,2020-01-01T00:00,2023-12-31T23:00,month,1.0,mean,max,271.05,299.57,0.29,/data/iharp-customized-storage/storage/sea_surface_temperature_N/sea_surface_temperature_t2_s2_Y_1736983441536_mean_max.nc
sea_surface_temperature,90,50,180,10,2020-01-01T00:00,2023-12-31T23:00,year,1.0,max,mean,271.46,306.04,0.05,/data/iharp-customized-storage/storage/sea_surface_temperature_N/sea_surface_temperature_t3_s2_Y_1736983441536_max_mean.nc
sea_surface_temperature,90,50,180,10,2020-01-01T00:00,2023-12-31T23:00,year,0.5,max,min,271.46,306.04,0.12,/data/iharp-customized-storage/storage/sea_surface_temperature_N/sea_surface_temperature_t3_s1_Y_1736983441536_max_min.nc
sea_surface_temperature,90,50,180,10,2020-01-01T00:00,2023-12-31T23:00,day,1.0,max,mean,270.2,306.04,6.89,/data/iharp-customized-storage/storage/sea_surface_temperature_N/sea_surface_temperature_t1_s2_Y_1736983441536_max_mean.nc
sea_surface_temperature,90,50,180,10,2020-01-01T00:00,2023-12-31T23:00,day,0.25,mean,none,270.2,303.84,98.04,/data/iharp-customized-storage/storage/sea_surface_temperature_N/sea_surface_temperature_t1_s0_Y_1736983441536_mean.nc
sea_surface_temperature,90,50,180,10,2020-01-01T00:00,2023-12-31T23:00,year,1.0,min,max,270.16,279.59,0.04,/data/iharp-customized-storage/storage/sea_surface_temperature_N/sea_surface_temperature_t3_s2_Y_1736983441536_min_max.nc
sea_surface_temperature,90,50,180,10,2020-01-01T00:00,2023-12-31T23:00,day,1.0,max,max,270.2,306.04,5.9,/data/iharp-customized-storage/storage/sea_surface_temperature_N/sea_surface_temperature_t1_s2_Y_1736983441536_max_max.nc
sea_surface_temperature,90,50,180,10,2020-01-01T00:00,2023-12-31T23:00,month,1.0,mean,min,270.73,299.57,0.28,/data/iharp-customized-storage/storage/sea_surface_temperature_N/sea_surface_temperature_t2_s2_Y_1736983441536_mean_min.nc
sea_surface_temperature,90,50,180,10,2020-01-01T00:00,2023-12-31T23:00,month,0.5,mean,min,270.73,299.57,0.85,/data/iharp-customized-storage/storage/sea_surface_temperature_N/sea_surface_temperature_t2_s1_Y_1736983441536_mean_min.nc
sea_surface_temperature,90,50,180,10,2020-01-01T00:00,2023-12-31T23:00,year,0.25,min,none,270.16,279.59,0.17,/data/iharp-customized-storage/storage/sea_surface_temperature_N/sea_surface_temperature_t3_s0_Y_1736983441536_min.nc
sea_surface_temperature,90,50,180,10,2020-01-01T00:00,2023-12-31T23:00,day,0.5,mean,min,270.2,303.84,25.82,/data/iharp-customized-storage/storage/sea_surface_temperature_N/sea_surface_temperature_t1_s1_Y_1736983441536_mean_min.nc
sea_surface_temperature,90,50,180,10,2020-01-01T00:00,2023-12-31T23:00,month,0.5,min,max,270.16,295.45,0.66,/data/iharp-customized-storage/storage/sea_surface_temperature_N/sea_surface_temperature_t2_s1_Y_1736983441536_min_max.nc
sea_surface_temperature,90,50,180,10,2020-01-01T00:00,2023-12-31T23:00,month,1.0,mean,mean,271.05,299.57,0.29,/data/iharp-customized-storage/storage/sea_surface_temperature_N/sea_surface_temperature_t2_s2_Y_1736983441536_mean_mean.nc
sea_surface_temperature,90,50,180,10,2020-01-01T00:00,2023-12-31T23:00,month,0.25,max,none,271.3,306.04,2.72,/data/iharp-customized-storage/storage/sea_surface_temperature_N/sea_surface_temperature_t2_s0_Y_1736983441536_max.nc
sea_surface_temperature,90,50,180,10,2020-01-01T00:00,2023-12-31T23:00,month,0.5,max,min,271.3,306.04,0.81,/data/iharp-customized-storage/storage/sea_surface_temperature_N/sea_surface_temperature_t2_s1_Y_1736983441536_max_min.nc
sea_surface_temperature,90,50,180,10,2020-01-01T00:00,2023-12-31T23:00,day,0.5,max,min,270.2,306.04,21.28,/data/iharp-customized-storage/storage/sea_surface_temperature_N/sea_surface_temperature_t1_s1_Y_1736983441536_max_min.nc
sea_surface_temperature,90,50,180,10,2020-01-01T00:00,2023-12-31T23:00,year,1.0,max,max,271.46,306.04,0.05,/data/iharp-customized-storage/storage/sea_surface_temperature_N/sea_surface_temperature_t3_s2_Y_1736983441536_max_max.nc
sea_surface_temperature,90,50,180,10,2020-01-01T00:00,2023-12-31T23:00,year,1.0,min,mean,270.16,279.35,0.04,/data/iharp-customized-storage/storage/sea_surface_temperature_N/sea_surface_temperature_t3_s2_Y_1736983441536_min_mean.nc
sea_surface_temperature,90,50,180,10,2020-01-01T00:00,2023-12-31T23:00,day,0.5,mean,max,270.2,303.84,26.26,/data/iharp-customized-storage/storage/sea_surface_temperature_N/sea_surface_temperature_t1_s1_Y_1736983441536_mean_max.nc
sea_surface_temperature,90,50,180,10,2020-01-01T00:00,2023-12-31T23:00,day,1.0,mean,mean,270.2,303.84,7.22,/data/iharp-customized-storage/storage/sea_surface_temperature_N/sea_surface_temperature_t1_s2_Y_1736983441536_mean_mean.nc
sea_surface_temperature,90,50,180,10,2020-01-01T00:00,2023-12-31T23:00,year,1.0,min,min,270.16,279.02,0.04,/data/iharp-customized-storage/storage/sea_surface_temperature_N/sea_surface_temperature_t3_s2_Y_1736983441536_min_min.nc
sea_surface_temperature,90,50,180,10,2020-01-01T00:00,2023-12-31T23:00,month,1.0,min,min,270.16,295.45,0.23,/data/iharp-customized-storage/storage/sea_surface_temperature_N/sea_surface_temperature_t2_s2_Y_1736983441536_min_min.nc
sea_surface_temperature,90,50,180,10,2020-01-01T00:00,2023-12-31T23:00,month,0.5,mean,max,270.73,299.57,0.86,/data/iharp-customized-storage/storage/sea_surface_temperature_N/sea_surface_temperature_t2_s1_Y_1736983441536_mean_max.nc
sea_surface_temperature,90,50,180,10,2020-01-01T00:00,2023-12-31T23:00,year,0.5,max,mean,271.46,306.04,0.13,/data/iharp-customized-storage/storage/sea_surface_temperature_N/sea_surface_temperature_t3_s1_Y_1736983441536_max_mean.nc
sea_surface_temperature,90,50,180,10,2020-01-01T00:00,2023-12-31T23:00,month,1.0,min,mean,270.16,295.45,0.26,/data/iharp-customized-storage/storage/sea_surface_temperature_N/sea_surface_temperature_t2_s2_Y_1736983441536_min_mean.nc
sea_surface_temperature,90,50,180,10,2020-01-01T00:00,2023-12-31T23:00,year,0.5,mean,min,271.44,284.53,0.12,/data/iharp-customized-storage/storage/sea_surface_temperature_N/sea_surface_temperature_t3_s1_Y_1736983441536_mean_min.nc
sea_surface_temperature,90,50,180,10,2020-01-01T00:00,2023-12-31T23:00,month,0.5,min,mean,270.16,295.45,0.73,/data/iharp-customized-storage/storage/sea_surface_temperature_N/sea_surface_temperature_t2_s1_Y_1736983441536_min_mean.nc
sea_surface_temperature,90,50,180,10,2020-01-01T00:00,2023-12-31T23:00,day,0.5,max,max,270.2,306.04,21.62,/data/iharp-customized-storage/storage/sea_surface_temperature_N/sea_surface_temperature_t1_s1_Y_1736983441536_max_max.nc
sea_surface_temperature,90,50,180,10,2020-01-01T00:00,2023-12-31T23:00,year,1.0,mean,mean,271.48,284.47,0.05,/data/iharp-customized-storage/storage/sea_surface_temperature_N/sea_surface_temperature_t3_s2_Y_1736983441536_mean_mean.nc
sea_surface_temperature,90,50,180,10,2020-01-01T00:00,2023-12-31T23:00,year,1.0,mean,min,271.44,284.47,0.05,/data/iharp-customized-storage/storage/sea_surface_temperature_N/sea_surface_temperature_t3_s2_Y_1736983441536_mean_min.nc
sea_surface_temperature,90,50,180,10,2020-01-01T00:00,2023-12-31T23:00,day,1.0,min,mean,270.16,302.56,6.8,/data/iharp-customized-storage/storage/sea_surface_temperature_N/sea_surface_temperature_t1_s2_Y_1736983441536_min_mean.nc
sea_surface_temperature,90,60,180,-180,2015-01-01T00:00,2019-12-31T23:00,year,0.25,max,none,271.46,302.43,0.69,/data/iharp-customized-storage/storage/sea_surface_temperature_N/sea_surface_temperature_t1_s0_Y_1736987215787_max.nc
sea_surface_temperature,90,60,180,-180,2015-01-01T00:00,2019-12-31T23:00,year,1.0,mean,max,271.4,283.91,0.09,/data/iharp-customized-storage/storage/sea_surface_temperature_N/sea_surface_temperature_t1_s1_Y_1736987215787_mean_max.nc
sea_surface_temperature,90,60,180,-180,2015-01-01T00:00,2019-12-31T23:00,year,0.25,min,none,269.24,281.97,0.36,/data/iharp-customized-storage/storage/sea_surface_temperature_N/sea_surface_temperature_t1_s0_Y_1736987215787_min.nc
sea_surface_temperature,90,60,180,-180,2015-01-01T00:00,2019-12-31T23:00,year,1.0,mean,mean,271.4,283.68,0.09,/data/iharp-customized-storage/storage/sea_surface_temperature_N/sea_surface_temperature_t1_s1_Y_1736987215787_mean_mean.nc
sea_surface_temperature,90,60,180,-180,2015-01-01T00:00,2019-12-31T23:00,year,1.0,max,max,271.46,302.41,0.09,/data/iharp-customized-storage/storage/sea_surface_temperature_N/sea_surface_temperature_t1_s1_Y_1736987215787_max_max.nc
sea_surface_temperature,90,60,180,-180,2015-01-01T00:00,2019-12-31T23:00,year,1.0,min,max,269.39,281.8,0.05,/data/iharp-customized-storage/storage/sea_surface_temperature_N/sea_surface_temperature_t1_s1_Y_1736987215787_min_max.nc
sea_surface_temperature,90,60,180,-180,2015-01-01T00:00,2019-12-31T23:00,year,0.25,mean,none,271.4,284.02,0.68,/data/iharp-customized-storage/storage/sea_surface_temperature_N/sea_surface_temperature_t1_s0_Y_1736987215787_mean.nc
sea_surface_temperature,90,60,180,-180,2015-01-01T00:00,2019-12-31T23:00,year,1.0,min,min,269.24,281.29,0.06,/data/iharp-customized-storage/storage/sea_surface_temperature_N/sea_surface_temperature_t1_s1_Y_1736987215787_min_min.nc
sea_surface_temperature,90,60,180,-180,2015-01-01T00:00,2019-12-31T23:00,year,1.0,max,min,271.46,302.13,0.09,/data/iharp-customized-storage/storage/sea_surface_temperature_N/sea_surface_temperature_t1_s1_Y_1736987215787_max_min.nc
sea_surface_temperature,90,60,180,-180,2015-01-01T00:00,2019-12-31T23:00,year,1.0,mean,min,271.4,283.53,0.08,/data/iharp-customized-storage/storage/sea_surface_temperature_N/sea_surface_temperature_t1_s1_Y_1736987215787_mean_min.nc
sea_surface_temperature,90,60,180,-180,2015-01-01T00:00,2019-12-31T23:00,year,1.0,min,mean,269.39,281.51,0.06,/data/iharp-customized-storage/storage/sea_surface_temperature_N/sea_surface_temperature_t1_s1_Y_1736987215787_min_mean.nc
sea_surface_temperature,90,60,180,-180,2015-01-01T00:00,2019-12-31T23:00,year,1.0,max,mean,271.46,302.13,0.1,/data/iharp-customized-storage/storage/sea_surface_temperature_N/sea_surface_temperature_t1_s1_Y_1736987215787_max_mean.nc
sea_surface_temperature,90,60,180,-180,2010-01-01T00:00,2014-12-31T23:00,year,1.0,max,max,271.46,304.68,0.09,/data/iharp-customized-storage/storage/sea_surface_temperature_N/sea_surface_temperature_t3_s1_Y_1736996221069_max_max.nc
sea_surface_temperature,90,60,180,-180,2010-01-01T00:00,2014-12-31T23:00,year,1.0,mean,min,271.35,283.7,0.08,/data/iharp-customized-storage/storage/sea_surface_temperature_N/sea_surface_temperature_t3_s1_Y_1736996221069_mean_min.nc
sea_surface_temperature,90,60,180,-180,2010-01-01T00:00,2014-12-31T23:00,day,1.0,mean,mean,269.38,303.11,17.45,/data/iharp-customized-storage/storage/sea_surface_temperature_N/sea_surface_temperature_t1_s1_Y_1736996221069_mean_mean.nc
sea_surface_temperature,90,60,180,-180,2010-01-01T00:00,2014-12-31T23:00,year,1.0,mean,mean,271.35,283.83,0.09,/data/iharp-customized-storage/storage/sea_surface_temperature_N/sea_surface_temperature_t3_s1_Y_1736996221069_mean_mean.nc
sea_surface_temperature,90,60,180,-180,2010-01-01T00:00,2014-12-31T23:00,day,1.0,mean,max,269.38,303.11,17.04,/data/iharp-customized-storage/storage/sea_surface_temperature_N/sea_surface_temperature_t1_s1_Y_1736996221069_mean_max.nc
sea_surface_temperature,90,60,180,-180,2010-01-01T00:00,2014-12-31T23:00,year,1.0,mean,max,271.35,283.97,0.09,/data/iharp-customized-storage/storage/sea_surface_temperature_N/sea_surface_temperature_t3_s1_Y_1736996221069_mean_max.nc
sea_surface_temperature,90,60,180,-180,2010-01-01T00:00,2014-12-31T23:00,month,1.0,max,min,269.71,304.68,0.51,/data/iharp-customized-storage/storage/sea_surface_temperature_N/sea_surface_temperature_t2_s1_Y_1736996221069_max_min.nc
sea_surface_temperature,90,60,180,-180,2010-01-01T00:00,2014-12-31T23:00,year,1.0,max,min,271.46,304.68,0.09,/data/iharp-customized-storage/storage/sea_surface_temperature_N/sea_surface_temperature_t3_s1_Y_1736996221069_max_min.nc
sea_surface_temperature,90,60,180,-180,2010-01-01T00:00,2014-12-31T23:00,month,1.0,max,max,269.71,304.68,0.51,/data/iharp-customized-storage/storage/sea_surface_temperature_N/sea_surface_temperature_t2_s1_Y_1736996221069_max_max.nc
sea_surface_temperature,90,60,180,-180,2010-01-01T00:00,2014-12-31T23:00,day,1.0,max,mean,269.39,304.68,17.0,/data/iharp-customized-storage/storage/sea_surface_temperature_N/sea_surface_temperature_t1_s1_Y_1736996221069_max_mean.nc
sea_surface_temperature,90,60,180,-180,2010-01-01T00:00,2014-12-31T23:00,year,1.0,min,mean,269.39,281.35,0.07,/data/iharp-customized-storage/storage/sea_surface_temperature_N/sea_surface_temperature_t3_s1_Y_1736996221069_min_mean.nc
sea_surface_temperature,90,60,180,-180,2010-01-01T00:00,2014-12-31T23:00,day,1.0,min,max,269.39,301.67,14.74,/data/iharp-customized-storage/storage/sea_surface_temperature_N/sea_surface_temperature_t1_s1_Y_1736996221069_min_max.nc
sea_surface_temperature,90,60,180,-180,2010-01-01T00:00,2014-12-31T23:00,day,1.0,min,mean,269.39,301.65,16.71,/data/iharp-customized-storage/storage/sea_surface_temperature_N/sea_surface_temperature_t1_s1_Y_1736996221069_min_mean.nc
sea_surface_temperature,90,60,180,-180,2010-01-01T00:00,2014-12-31T23:00,year,1.0,min,min,269.24,281.19,0.07,/data/iharp-customized-storage/storage/sea_surface_temperature_N/sea_surface_temperature_t3_s1_Y_1736996221069_min_min.nc
sea_surface_temperature,90,60,180,-180,2010-01-01T00:00,2014-12-31T23:00,day,1.0,mean,min,269.24,303.11,15.82,/data/iharp-customized-storage/storage/sea_surface_temperature_N/sea_surface_temperature_t1_s1_Y_1736996221069_mean_min.nc
sea_surface_temperature,90,60,180,-180,2010-01-01T00:00,2014-12-31T23:00,month,1.0,min,max,269.39,292.91,0.42,/data/iharp-customized-storage/storage/sea_surface_temperature_N/sea_surface_temperature_t2_s1_Y_1736996221069_min_max.nc
sea_surface_temperature,90,60,180,-180,2010-01-01T00:00,2014-12-31T23:00,day,1.0,max,min,269.24,304.68,14.17,/data/iharp-customized-storage/storage/sea_surface_temperature_N/sea_surface_temperature_t1_s1_Y_1736996221069_max_min.nc
sea_surface_temperature,90,60,180,-180,2010-01-01T00:00,2014-12-31T23:00,day,1.0,max,max,269.39,304.68,12.75,/data/iharp-customized-storage/storage/sea_surface_temperature_N/sea_surface_temperature_t1_s1_Y_1736996221069_max_max.nc
sea_surface_temperature,90,60,180,-180,2010-01-01T00:00,2014-12-31T23:00,year,1.0,min,max,269.39,281.55,0.05,/data/iharp-customized-storage/storage/sea_surface_temperature_N/sea_surface_temperature_t3_s1_Y_1736996221069_min_max.nc
sea_surface_temperature,90,60,180,-180,2010-01-01T00:00,2014-12-31T23:00,month,1.0,mean,max,269.47,299.19,0.55,/data/iharp-customized-storage/storage/sea_surface_temperature_N/sea_surface_temperature_t2_s1_Y_1736996221069_mean_max.nc
sea_surface_temperature,90,60,180,-180,2010-01-01T00:00,2014-12-31T23:00,month,1.0,mean,mean,269.47,298.97,0.56,/data/iharp-customized-storage/storage/sea_surface_temperature_N/sea_surface_temperature_t2_s1_Y_1736996221069_mean_mean.nc
sea_surface_temperature,90,60,180,-180,2010-01-01T00:00,2014-12-31T23:00,month,1.0,max,mean,269.71,304.68,0.58,/data/iharp-customized-storage/storage/sea_surface_temperature_N/sea_surface_temperature_t2_s1_Y_1736996221069_max_mean.nc
sea_surface_temperature,90,60,180,-180,2010-01-01T00:00,2014-12-31T23:00,month,1.0,min,mean,269.39,292.75,0.49,/data/iharp-customized-storage/storage/sea_surface_temperature_N/sea_surface_temperature_t2_s1_Y_1736996221069_min_mean.nc
sea_surface_temperature,90,60,180,-180,2010-01-01T00:00,2014-12-31T23:00,month,1.0,mean,min,269.44,298.97,0.54,/data/iharp-customized-storage/storage/sea_surface_temperature_N/sea_surface_temperature_t2_s1_Y_1736996221069_mean_min.nc
sea_surface_temperature,90,60,180,-180,2010-01-01T00:00,2014-12-31T23:00,month,1.0,min,min,269.24,292.57,0.43,/data/iharp-customized-storage/storage/sea_surface_temperature_N/sea_surface_temperature_t2_s1_Y_1736996221069_min_min.nc
sea_surface_temperature,90,60,180,-180,2010-01-01T00:00,2014-12-31T23:00,year,1.0,max,mean,271.46,304.68,0.1,/data/iharp-customized-storage/storage/sea_surface_temperature_N/sea_surface_temperature_t3_s1_Y_1736996221069_max_mean.nc
sea_surface_temperature,90,60,180,-180,2010-01-01T00:00,2014-12-31T23:00,day,1.0,min,min,269.24,301.65,12.3,/data/iharp-customized-storage/storage/sea_surface_temperature_N/sea_surface_temperature_t1_s1_Y_1736996221069_min_min.nc
sea_surface_temperature,90,60,180,-180,2006-01-01T00:00,2009-12-31T23:00,month,1.0,mean,mean,269.77,294.28,0.44,/data/iharp-customized-storage/storage/sea_surface_temperature_N/sea_surface_temperature_t1_s1_Y_1737002368423_mean_mean.nc
sea_surface_temperature,90,60,180,-180,2006-01-01T00:00,2009-12-31T23:00,month,1.0,mean,min,269.73,294.28,0.42,/data/iharp-customized-storage/storage/sea_surface_temperature_N/sea_surface_temperature_t1_s1_Y_1737002368423_mean_min.nc
sea_surface_temperature,90,60,180,-180,2006-01-01T00:00,2009-12-31T23:00,month,1.0,mean,max,269.77,294.3,0.44,/data/iharp-customized-storage/storage/sea_surface_temperature_N/sea_surface_temperature_t1_s1_Y_1737002368423_mean_max.nc
sea_surface_temperature,90,60,180,-180,2006-01-01T00:00,2009-12-31T23:00,month,1.0,min,mean,269.39,290.89,0.39,/data/iharp-customized-storage/storage/sea_surface_temperature_N/sea_surface_temperature_t1_s1_Y_1737002368423_min_mean.nc
sea_surface_temperature,90,60,180,-180,2006-01-01T00:00,2009-12-31T23:00,month,1.0,min,min,269.24,290.74,0.34,/data/iharp-customized-storage/storage/sea_surface_temperature_N/sea_surface_temperature_t1_s1_Y_1737002368423_min_min.nc
sea_surface_temperature,90,60,180,-180,2006-01-01T00:00,2009-12-31T23:00,month,1.0,min,max,269.39,291.28,0.34,/data/iharp-customized-storage/storage/sea_surface_temperature_N/sea_surface_temperature_t1_s1_Y_1737002368423_min_max.nc
sea_surface_temperature,90,60,180,-180,2006-01-01T00:00,2009-12-31T23:00,month,1.0,max,mean,269.94,302.13,0.46,/data/iharp-customized-storage/storage/sea_surface_temperature_N/sea_surface_temperature_t1_s1_Y_1737002368423_max_mean.nc
sea_surface_temperature,90,60,180,-180,2006-01-01T00:00,2009-12-31T23:00,month,1.0,max,min,269.89,302.13,0.4,/data/iharp-customized-storage/storage/sea_surface_temperature_N/sea_surface_temperature_t1_s1_Y_1737002368423_max_min.nc
sea_surface_temperature,90,60,180,-180,2006-01-01T00:00,2009-12-31T23:00,month,1.0,max,max,269.94,302.49,0.4,/data/iharp-customized-storage/storage/sea_surface_temperature_N/sea_surface_temperature_t1_s1_Y_1737002368423_max_max.nc
sea_surface_temperature,90,60,180,-180,2006-01-01T00:00,2009-12-31T23:00,year,1.0,mean,mean,271.32,283.94,0.07,/data/iharp-customized-storage/storage/sea_surface_temperature_N/sea_surface_temperature_t2_s1_Y_1737002368423_mean_mean.nc
sea_surface_temperature,90,60,180,-180,2006-01-01T00:00,2009-12-31T23:00,year,1.0,mean,min,271.32,283.76,0.07,/data/iharp-customized-storage/storage/sea_surface_temperature_N/sea_surface_temperature_t2_s1_Y_1737002368423_mean_min.nc
sea_surface_temperature,90,60,180,-180,2006-01-01T00:00,2009-12-31T23:00,year,1.0,mean,max,271.32,284.03,0.07,/data/iharp-customized-storage/storage/sea_surface_temperature_N/sea_surface_temperature_t2_s1_Y_1737002368423_mean_max.nc
sea_surface_temperature,90,60,180,-180,2006-01-01T00:00,2009-12-31T23:00,year,1.0,min,mean,269.39,281.91,0.06,/data/iharp-customized-storage/storage/sea_surface_temperature_N/sea_surface_temperature_t2_s1_Y_1737002368423_min_mean.nc
sea_surface_temperature,90,60,180,-180,2006-01-01T00:00,2009-12-31T23:00,year,1.0,min,min,269.24,281.81,0.06,/data/iharp-customized-storage/storage/sea_surface_temperature_N/sea_surface_temperature_t2_s1_Y_1737002368423_min_min.nc
sea_surface_temperature,90,60,180,-180,2006-01-01T00:00,2009-12-31T23:00,year,1.0,min,max,269.39,282.06,0.05,/data/iharp-customized-storage/storage/sea_surface_temperature_N/sea_surface_temperature_t2_s1_Y_1737002368423_min_max.nc
sea_surface_temperature,90,60,180,-180,2006-01-01T00:00,2009-12-31T23:00,year,1.0,max,mean,271.46,302.13,0.08,/data/iharp-customized-storage/storage/sea_surface_temperature_N/sea_surface_temperature_t2_s1_Y_1737002368423_max_mean.nc
sea_surface_temperature,90,60,180,-180,2006-01-01T00:00,2009-12-31T23:00,year,1.0,max,min,271.46,302.13,0.07,/data/iharp-customized-storage/storage/sea_surface_temperature_N/sea_surface_temperature_t2_s1_Y_1737002368423_max_min.nc
sea_surface_temperature,90,60,180,-180,2006-01-01T00:00,2009-12-31T23:00,year,1.0,max,max,271.46,302.49,0.07,/data/iharp-customized-storage/storage/sea_surface_temperature_N/sea_surface_temperature_t2_s1_Y_1737002368423_max_max.nc
